-- phpMyAdmin SQL Dump
-- version 5.1.3
-- https://www.phpmyadmin.net/
--
-- Host: 127.0.0.1
-- Generation Time: Jun 02, 2022 at 08:00 PM
-- Server version: 10.4.24-MariaDB
-- PHP Version: 8.0.18

SET SQL_MODE = "NO_AUTO_VALUE_ON_ZERO";
START TRANSACTION;
SET time_zone = "+00:00";


/*!40101 SET @OLD_CHARACTER_SET_CLIENT=@@CHARACTER_SET_CLIENT */;
/*!40101 SET @OLD_CHARACTER_SET_RESULTS=@@CHARACTER_SET_RESULTS */;
/*!40101 SET @OLD_COLLATION_CONNECTION=@@COLLATION_CONNECTION */;
/*!40101 SET NAMES utf8mb4 */;

--
-- Database: `reading`
--

-- --------------------------------------------------------

--
-- Table structure for table `author`
--

CREATE TABLE `author` (
  `id` int(11) NOT NULL,
  `name` varchar(200) NOT NULL,
  `description` longtext NOT NULL
) ENGINE=InnoDB DEFAULT CHARSET=utf8mb4;

--
-- Dumping data for table `author`
--

INSERT INTO `author` (`id`, `name`, `description`) VALUES
(1, 'Mực Thích Lặn Nước', 'Ái Tiềm Thủy Đích Ô Tặc ( Mực Thích Lặn Nước )\r\n\r\nTên thật: Viên Dã\r\n\r\nTuổi: 37 (2022)    Nhóm máu: O    Chòm sao: Thủy Bình\r\n\r\nBiệt danh: Ô Tặc Nương (Má Mực)\r\n\r\nQuốc tịch: Cộng hòa Nhân dân Trung Hoa\r\n\r\nDân tộc: Hán\r\n\r\nNgày sinh: 16/2/1985\r\n\r\nNơi sinh: Tỉnh Tứ Xuyên, Trung Quốc\r\n\r\nCông khai rõ ràng: Giới tính nam, yêu thích nữ giới\r\n\r\nMột số thành tựu quan trọng:\r\n\r\nTháng 10/2013: từ chức, hiện chuyên trách sáng tác.\r\n\r\nTháng 2/2017, thứ hai giới văn học mạng chi Vương bình chọn Trung vị nhóm mười hai Chủ Thần.\r\n\r\nTháng 11/2017, \"Trung hoa văn học cơ kim hội mao thuẫn văn học tân nhân tưởng võng lạc văn học tân nhân thưởng\" .\r\n\r\nTháng 5/2018, \"Giải thưởng Chanh Qua Internet Văn Học\" một trăm thứ hạng đầu đại thần.\r\n\r\nCác tác phẩm đã sáng tác:\r\n\r\n《 Diệt Vận Đồ Lục 》《 Áo Thuật Thần Tọa 》《 Nhất Thế Chi Tôn 》《 Võ Đạo Tông Sư 》《 Quỷ Bí Chi Chủ 》《 Trường Dạ Dư Hỏa 》'),
(2, 'Zhttty', 'Zhttty là một tác giả nổi tiếng trên Internet, người khai sáng dòng truyện Vô Hạn lưu, hiên nay anh ấy đang viết quyển ‘Vô hạn thự quang”, đây một trong những truyện đang ‘hot’ nhất hiện nay. Bộ truyện này tiếp tục dẫn dắt mọi người tiến vào vô số thế giới với những tình tiết cực kỳ đặc sắc.\r\n\r\nĐối với những ai chưa biết, thì tác phẩm nổi tiếng nhất của zhttty là Vô Hạn Khủng Bố - bộ truyện làm khuynh đảo nền văn học mạng Trung Quốc cũng như Việt Nam trong 1 thời gian, kéo theo trào lưu viết truyện ăn theo với tên gọi Vô hạn lưu.');

-- --------------------------------------------------------

--
-- Table structure for table `chapter`
--

CREATE TABLE `chapter` (
  `id` int(11) NOT NULL,
  `number` varchar(50) NOT NULL,
  `name` text NOT NULL,
  `content` longtext NOT NULL,
  `novel_id` int(11) NOT NULL
) ENGINE=InnoDB DEFAULT CHARSET=utf8mb4;

--
-- Dumping data for table `chapter`
--

INSERT INTO `chapter` (`id`, `number`, `name`, `content`, `novel_id`) VALUES
(1, 'Quyển 1 - Chương 1', 'Đỏ rực', 'Dịch giả:  nh0ckd255\r\n\r\nĐau!\r\n\r\nĐau quá!\r\n\r\nĐầu đau quá!\r\n\r\nHình ảnh trong giấc mơ đầy những tiếng thì thầm kỳ quái vỡ tan thành những mảnh nhỏ. Chu Minh Thuỵ đang say giấc chỉ thấy đầu đau đớn hệt như bị người ta lấy gậy đánh cho một cái thật mạnh, không, phải là bị một thứ sắc nhọn đâm thẳng vào huyệt Thái Dương rồi sau đó khuấy liên tục.\r\n\r\nÔi... Trong cơn mơ màng, Chu Minh Thuỵ muốn xoay người, muốn giơ tay ôm chặt lấy đầu, muốn ngồi dậy nhưng hắn không thể cử động chân tay được, dường như không thể điều khiển được thân thể nữa.\r\n\r\nXem ra là mình chưa tỉnh, vẫn còn đang mơ... Nói không chừng sẽ còn xảy ra hiện tượng cho là mình đã tỉnh, nhưng thực chất là còn đang ngủ say... Chu Minh Thuỵ không hề lạ lẫm gì với chuyện này, hắn cố gắng tập trung ý chí muốn thoát khỏi cái gông cùm của bóng tối và sự huyễn hoặc này.\r\n\r\nNhưng trong lúc nửa tỉnh nửa mơ này, ý chí luôn mơ hồ như sương khói, khó mà tập trung được. Dù hắn có cố thế nào thì tư duy vẫn cứ tan rã, tạp niệm xuất hiện.\r\n\r\nĐang yên đang lành, nửa đêm nửa hôm, sao đột nhiên bị đau đầu? Còn đau đớn tới mức này?! Chẳng lẽ xuất huyết não?!\r\n\r\nMoá, chả lẽ ta sẽ chết sớm ư?\r\n\r\nMau tỉnh! Mau tỉnh lại nào!\r\n\r\nỒ, hình như không còn đau như nãy nữa? Nhưng đầu vẫn như bị một con dao nhỏ cắt từng miếng từng miếng ra một...\r\n\r\n\r\nXem ra không thể ngủ tiếp, vậy thì mai đi làm thế nào được? Còn đi làm cái gì nữa? Bị đau đầu thật như này tất nhiên là phải xin nghỉ rồi! Khỏi sợ tay quản lý lải nhải!\r\n\r\nNghĩ như vậy cảm thấy không tệ, khà khà, thế là được nhàn rỗi một hôm!\r\n\r\nĐầu lại đau nhói khiến Chu Minh Thuỵ tích được chút sức lực. Cuối cùng, hắn dốc sức động lưng mở choàng mắt, hoàn toàn thoát khỏi trạng thái nửa tỉnh nửa mơ.\r\n\r\nTầm mắt ban đầu nhoà đi, sau đó bị phủ kín bởi một lớp đỏ rực. Nơi tầm mắt với tới, Chu Minh Thuỵ thấy trước mặt mình là một bàn học bằng gỗ thô sơ. Chính giữa bàn học có bày một quyển bút ký đang mở sẵn. Giấy của cuốn bút ký này thô ráp và ố vàng, bên trên là một câu được viết bởi thứ chữ kỳ quái, nét mực đen sậm, ướt và bắt mắt.\r\n\r\nỞ bên trái cuốn bút ký là một chồng sách được sắp xếp chỉnh tề, có tầm bảy, tám cuốn gì đó. Bức tường bên phải chúng thì được gắn bởi ống dẫn màu xám trắng nối tới một chiếc đèn treo tường.\r\n\r\nChiếc đèn này mang phong cách phương Tây cổ điển, to bằng nửa đầu người trưởng thành. Bên trong là thuỷ tinh trong suốt, phần lồng bên ngoài được làm từ kim loại màu đen.\r\n\r\nBên dưới chiếc đèn đã tắt đó là một lọ mực màu đen được bao phủ bởi ánh sáng màu đỏ nhạt, vẻ gồ ghề bên ngoài dưới lớp ánh sáng tạo nên thứ hoa văn trông giống thiên sứ.\r\n\r\nMột chiếc bút máy màu sậm với phần thân bóng mượt được đặt ở trước lọ mực, bên phải bút ký. Ngòi bút loé lên thứ ánh sáng nhạt. Nắp bút thì nằm ngay cạnh một chiếc súng lục ổ xoay.\r\n\r\nSúng? Súng lục?? Chu Minh Thuỵ ngây ngẩn. Những thứ hắn thấy trước mặt này xa lạ như thế, hoàn toàn khác xa phòng của hắn!\r\n\r\nTronng khi kinh ngạc và ngỡ ngàng, hắn phát hiện rằng bàn học, bút ký, lọ mực và súng lục kia đều được phủ lên bởi một tầng \"lụa mỏng\" màu đỏ rực, chính là ánh sáng chiếu vào từ bên ngoài cửa sổ.\r\n\r\nTheo bản năng hắn ngẩng đầu lên, dời tầm mắt lên cao.\r\n\r\nGiữa không trung, bên trên lớp \"vải nhung sân khấu thiên nga\", một mặt trăng tròn màu đỏ rực như lửa treo cao, lặng lẽ toả ra ánh sáng.\r\n\r\n\r\nĐây... Chu Minh Thuỵ bỗng thấy sợ hãi, rồi hắn đứng bật dậy. Nhưng đôi chân còn chưa kịp đứng thẳng thì đầu hắn lại đau nhói ghê gớm khiến hắn như mất đi sức lực trong phút chốc, trọng tâm toàn thân tức thì rơi xuống, mông đập mạnh lên trên chiếc ghế dựa bằng gỗ.\r\n\r\nBịch!\r\n\r\nĐau đớn không thể tạo nên ảnh hưởng gì, Chu Minh Thuỵ giơ tay đè lên bàn rồi lại đứng lên, bối rối quay người nhìn nơi mình đang đứng.\r\n\r\nĐây là một căn phòng không lớn, hai bên trái phải đều có cửa ra vào. Gần sát bức tường đối diện là một chiếc giường tầng làm từ gỗ. Giữa giường và cánh cửa phía bên trái là một chiếc tủ quầy, bên trên là tủ có cánh mở hai bên, bên dưới thì là ngăn kéo.\r\n\r\nBên cạnh tủ quầy kia có một ống dẫn cao bằng một người, cũng màu xám trắng được lắp trên tường, nhưng nó nối với một thứ thiết bị kỳ lạ có bánh răng và ổ trục hiện ra bên ngoài.\r\n\r\nGóc tường phía bên phải bàn học có chất một đống thứ trông giống than, cùng với các vật dụng nhà bếp như nồi đun nước, chảo sắt...\r\n\r\nQua cửa bên phải là một chiếc gương to đã rạn nứt hai vết, phần kệ để gương được làm từ gỗ với hoa văn khá đơn giản.\r\n\r\nChu Minh Thuỵ đảo mắt qua gương, loáng thoáng thấy mình của bây giờ: Tóc đen, mắt nâu, mặc quần áo lót sợi đay, vóc dáng gầy gò, ngũ quan bình thường, đường nét góc cạnh...\r\n\r\nĐây là... Chu Minh Thuỵ tức thì giật mình, hít vào một hơi khí lạnh, lòng bỗng có một suy đoán lộn xộn mà bất lực.\r\n\r\nSúng lục ổ xoay, bố trí kiểu phương Tây cổ điển, cùng với mặt trăng đỏ rực khác hẳn với Trái Đất, không có thứ gì là không chứng tỏ rõ một chuyện!\r\n\r\nChẳng lẽ mình... Mình xuyên việt rồi? Chu Minh Thuỵ dần há hốc mồm.\r\n\r\n\r\nHắn đọc văn học mạng từ bé, cũng thường hay ảo tưởng về bản thân, nhưng tới khi gặp được thật thì lại khó mà chấp nhận được.\r\n\r\nĐây có lẽ chính là cái gọi là Diệp công thích rồng* ư? Qua mấy chục giây sau, Chu Minh Thuỵ thầm tự giễu mình một câu. Nếu không phải đau đầu vẫn còn, làm cho tư duy trở nên căng thẳng và rõ ràng, Chu Minh Thuỵ sẽ cho rằng mình đang mơ.\r\n\r\nBình tĩnh... Bình tĩnh... Bình tĩnh nào... Chu Minh Thuỵ hít sâu vài cái, cố gắng làm cho bản thân đừng hoảng loạn nữa.\r\n\r\nĐúng lúc này, khi thể xác và tinh thần hắn được hoà hoãn lại, một đám trí nhớ đột nhiên nhảy vọt ra, chầm chậm hiện lên trong đầu hắn.\r\n\r\nKlein Moretti, một sinh viên vừa tốt nghiệp chuyên ngành lịch sử đại học Hoy, là người của thành phố Tingen quận Akhova thuộc vương quốc Ruen ở lục địa Bắc.\r\n\r\nCha là thượng sĩ lục quân hoàng gia, đã hy sinh trong đợt tấn công thực dân lục địa Nam. Số tiền trợ cấp từ cái chết của ông làm cho Klein có cơ hội vào học ở trường văn pháp tư nhân, làm nền tảng cho hắn thi vào đại học... Mẹ là tín đồ của nữ thần Đêm Tối, mất khi Klein vừa thi đỗ vào đại học Hoy...\r\n\r\nHắn có một anh trai và một em gái, sống ở căn hộ hai phòng ngủ của khu nhà trọ này...\r\n\r\nNhà hắn không giàu, thậm chí phải nói là không đủ, hiện tại toàn bộ chi tiêu đều do người anh trai hiện đang làm thư ký cho một công ty xuất nhập khẩu lo cho...\r\n\r\nLà một sinh viên đã tốt nghiệp hệ lịch sử, Klein thông thạo ngôn ngữ Fusark cổ xưa của các nước lục địa Bắc, cùng với ngôn ngữ Hermes có liên quan tới việc thờ cúng, cầu nguyện thường xuyên xuất hiện trong các lăng mộ cổ đại...\r\n\r\nNgôn ngữ Hermes? Nghĩ tới đây, Chu Minh Thuỵ giơ tay đè lên huyệt Thái Dương đang đau như xoắn lại, quăng mắt tới cuốn bút ký đã mở sẵn trên bàn. Hắn cảm thấy dòng chữ viết trên trang giấy ố vàng kia từ kỳ quái thành xa lạ, từ xa lạ thành quen thuộc, rồi từ quen thuộc trở nên đọc hiểu được.\r\n\r\nĐây là dòng chữ viết bằng tiếng Hermes!\r\n\r\nNét bút sâu và đen ấy viết rằng: \"Tất cả mọi người sẽ chết, kể cả ta.\"\r\n\r\nA! Chu Minh Thuỵ đột nhiên hoảng sợ, thân thể bỗng ngửa ra sau theo bản năng hòng kéo giãn khoảng cách với dòng chữ này.\r\n\r\nHắn rất yếu nên suýt thì ngã rầm, bèn vội giơ tay vịn lấy bàn. Hắn cảm thấy không khí xung quanh như trở nên nóng nảy theo, dường như có tiếng thì thầm liên tục vang lên bên tai, hệt như hồi bé nghe người lớn kể chuyện kinh dị.\r\n\r\n\r\nChu Minh Thuỵ lắc đầu, tất cả đều là ảo giác. Hắn đứng vững người, dời mắt khỏi cuốn bút ký kia, há mồm thở hổn hển.\r\n\r\nLúc này hắn nhìn sang khẩu súng ổ xoay đang loé lên ánh sáng đồng thau, lòng bỗng có nghi vấn.\r\n\r\n\"Với gia cảnh của mình, Klein lấy đâu ra tiền và cách mua súng?\" Chu Minh Thuỵ nhíu mày lại.\r\n\r\nTrong lúc trầm tư, hắn thấy một nửa dấu tay màu đỏ ở góc của bàn học, màu còn đậm hơn cả màu của ánh trăng, dày hơn cả lớp \"lụa mỏng\" kia.\r\n\r\nĐó là một dấu tay máu!\r\n\r\n\"Máu?\" Chu Minh Thuỵ theo bản năng giơ bàn tay phải vừa đè lên bàn lên. Hắn cúi đầu nhìn, chỉ thấy lòng bàn tay và ngón tay hắn dính đầy máu.\r\n\r\nCùng lúc đó, cơn đau vẫn kéo tới từ trong đầu hắn, nhưng đã yếu bớt đi, chỉ là cứ đau mãi không dứt.\r\n\r\n\"Chẳng lẽ đụng rách đầu rồi?\" Chu Minh Thuỵ đoán vậy. Hắn quay người lại, đi tới trước chiếc gương bị rạn.\r\n\r\nSau vài bước, một bóng người có vóc dáng tầm trung, tóc đen, mắt nâu, trông rất trí thức đập vào mắt hắn.\r\n\r\nĐây là ta ở hiện tại, Klein Moretti?\r\n\r\nChu Minh Thuỵ ngớ ra, sau đó vì nửa đêm nhìn không rõ nên hắn lại bước lên tiếp, cho tới khi chỉ còn chút xíu nữa là đụng vào gương.\r\n\r\nDưới ánh trăng đỏ rực như lớp lụa mỏng, hắn nghiêng đầu nhìn thái dương của mình.\r\n\r\nMột hình ảnh ngược hiện lên rất chi tiết. Thái dương của hắn bị một vết thương trông rất dữ tợn chiếm cứ, phần rìa là dấu vết của việc bị bỏng, xung quanh đầy vết máu. Mà bên trong, phần óc màu xám trắng đang mấp máy.\r\n\r\n*Diệp công thích rồng: Do tích Diệp Công rất thích rồng, đồ vật trong nhà đều khắc, vẽ hình rồng. Rồng thật biết được, đến thò đầu vào cửa sổ. Diệp Công nhìn thấy sợ hãi vắt giò lên cổ bỏ chạy. Ví với trên danh nghĩa thì yêu thích nhưng thực tế lại không như vậy.', 1),
(2, 'Quyển 1 - Chương 2', 'Tình trạng', 'Dịch giả: nh0ckd255\r\n\r\nBịch bịch bịch!\r\n\r\nNhìn hình ảnh trong gương, Chu Minh Thuỵ sợ tới mức lùi ra sau mấy bước liên tục, dường như kẻ ở trong gương không phải mình mà là một con zombie.\r\n\r\nKẻ nào bị thương nghiêm trọng như vậy mà có thể còn sống được?!\r\n\r\nHắn như không tin mà lại nghiêng đầu kiểm tra bên kia. Cho dù khoảng cách xa hơn và ánh sáng tù mù, hắn vẫn có thể thấy rõ miệng vết thương do đạn xuyên qua và vết máu đỏ rực đang tồn tại.\r\n\r\n\"Đây...\"\r\n\r\nChu Minh Thuỵ hít một hơi thật sâu, cố gắng khiến cho mình bình tĩnh lại.\r\n\r\nHắn giơ tay ấn lên ngực trái, cảm nhận trái tim đang đập rất mạnh, rất nhanh, hừng hực sức sống. Lại sờ làn da trần, bên dưới lạnh lẽo là ấm áp đang chảy xuôi.\r\n\r\nHắn ngồi xuống một cái để nghiệm chứng đầu gối còn có thể gập lại, thế mới đứng lên, không còn hoảng loạn nữa.\r\n\r\n\"Chuyện gì vậy nhỉ?\" Hắn nhíu mày, thì thào, còn định kiểm tra lại miệng vết thương lại cho hẳn hoi.\r\n\r\nHắn đi được hai bước thì đột nhiên dừng lại, bởi vì ánh trăng màu đỏ bên ngoài kia không đủ sáng để có thể \"kiểm tra hẳn hoi\" được.\r\n\r\nMột mảnh vỡ ký ức nhỏ bắn ra, Chu Minh Thuỵ quay đầu nhìn về phía chiếc đèn được bao quanh bởi một lớp lồng sắt trên tường gần sát bàn học, nơi có ống dẫn khí màu xám trắng.\r\n\r\nĐây là một loại đèn khí gas đang được ưa chuộng, lửa ổn định, phát ra ánh sáng khá tốt.\r\n\r\nVới tình hình gia đình của Klein Moretti thì đừng nói là đèn khí gas, cho dù là đèn dầu hoả cũng là vật xa xỉ, sử dụng nến mới phù hợp với thân phận và địa vị của gia đình họ. Nhưng bốn năm trước, khi hắn thức đêm học hành phấn đấu cho cuộc thi vào đại học Hoy, anh trai hắn là Benson cho rằng đây là chuyện rất quan trọng liên quan tới tương lai của gia đình, nên cho dù có phải vay tiền cũng muốn tạo điều kiện học tập tốt nhất cho hắn.\r\n\r\n\r\nĐương nhiên, một Benson được học hành, lại đã đi làm nhiều năm chắc chắn không phải kẻ lỗ mãng, thiếu năng lực và không cân nhắc hậu quả. Anh dùng lý do \"lắp đặt ống dẫn khí gas rất có ích trong việc nâng cao cấp bậc của nhà trọ, hữu ích với việc cho thuê sau này\" để dụ dỗ ông chủ nhà trọ chi tiền cải tạo hệ thống ống dẫn, còn bản thân anh thì tranh thủ chức vụ thư ký ở công ty xuất nhập khẩu kia mà mua được đèn khí gas kiểu mới với giá gần giá gốc. Cuối cùng là anh chỉ dùng tới tiền tiết kiệm chứ không hề phải đi vay ai.\r\n\r\nMảnh ký ức vụt tắt, Chu Minh Thuỵ quay lại chỗ bàn học, mở ống dẫn rồi vặn chốt mở đèn.\r\n\r\nTạch tạch tạch, tiếng ma sát đốt lửa vang lên, nhưng ánh sáng không bùng lên như Chu Minh Thuỵ tưởng.\r\n\r\nTạch tạch tạch, hắn lại vặn vài cái nữa, nhưng chiếc đèn này vẫn tối om.\r\n\r\n\"Ừm...\" Chu Minh Thuỵ thu tay lại, đè huyệt thái dương bên trái, nặn óc tìm kiếm nguyên nhân từ các mảnh vỡ ký ức.\r\n\r\nVài giây sau, hắn quay người đi tới trước thứ thiết bị nối với ống dẫn khí gas màu xám trắng được gắn vào tường ở bên cạnh cửa.\r\n\r\nĐây là một máy tính phí gas!\r\n\r\nNhìn ổ trục và bánh răng lộ ra ngoài, Chu Minh Thuỵ móc một đồng xu ra từ trong túi quần.\r\n\r\nĐồng xu này màu ố vàng, loé lên màu đồng kim loại. Mặt trước có khác hình cái đầu của một người đàn ông đeo vương miện, mặt sau thì có lúa mạch bao quanh một số \"1\".\r\n\r\nChu Minh Thuỵ biết đây là đơn vị tiền tệ cơ bản của vương quốc Ruen, gọi là đồng penny. Một penny có giá trị tương đương với ba, bốn đồng Nhân dân tệ ở nơi trước đây của hắn. Có ba loại đồng penny là đồng 5 penny, đồng nửa penny, và đồng một phần tư penny, nhưng vẫn chưa đủ chính xác. Trong cuộc sống hàng ngày, thi thoảng người ta vẫn phải gom cho đủ để mua được đồ.\r\n\r\nLàm cho đồng penny, được phát hành khi vua George đệ Tam lên ngôi, lăn vài vòng giữa các ngón tay, Chu Minh Thuỵ mới nhét nó vào trong \"cái miệng\" dài và nhỏ nằm dọc máy tính phí gas.\r\n\r\nLeng keng!\r\n\r\nKhi đồng penny rơi xuống đáy của máy tính phí, tiếng bánh răng chuyển động răng rắc tức thì vang lên, tấu lên một giai điệu máy móc ngắn, nhỏ mà êm tai.\r\n\r\nChu Minh Thuỵ nhìn chăm chú vài giây, rồi quay trở lại trước bàn học, giơ tay vặn chốt mở đèn.\r\n\r\n\r\nTạch tạch tạch. Phụp!\r\n\r\nMột ngọn lửa bốc lên, nhanh chóng hoá lớn. Ánh sáng đầu tiên là toả khắp bên trong lồng đèn, sau đó xuyên qua lớp thuỷ tinh trong suốt mà phủ kín căn phòng với màu sắc ấm áp.\r\n\r\nBóng tối lui đi, màu đỏ rực lùi ra ngoài cửa sổ. Chu Minh Thuỵ bỗng thấy yên tâm hơn hẳn, bèn nhanh chóng đi tới trước gương.\r\n\r\nLúc này hắn nghiêm túc xem xét vị trí huyệt thái dương, không bỏ qua bất cứ chi tiết nào.\r\n\r\nSau khi xem xét mấy lần, hắn phát hiện ngoài vệt máu ban đầu ra, miệng vết thương trông dữ tợn kia không còn chảy chất lỏng ra nữa, dường như đã được cầm máu và băng bó lại. Mà phần não đang mấp máy cùng với phần da thịt ở miệng vết thương đang khép lại với tốc độ mắt thường có thể thấy được rõ, có lẽ là chừng ba, bốn mươi phút nữa, hoặc có lẽ là hai đến ba giờ nữa, nơi đó chỉ còn lại dấu vết mờ.\r\n\r\n\"Tác dụng chữa trị của việc xuyên việt ư?\" Chu Minh Thụy nhếch khoé miệng bên phải, thì thào.\r\n\r\nSau đó hắn thở dài một hơi. Mặc kệ là vì sao, chí ít hiện giờ hắn vẫn còn sống!\r\n\r\nỔn định lại tinh thần, hắn kéo ngăn kéo lấy một mẩu xà phòng ra, rồi với lấy một chiếc khăn tắm trong cái mớ khăn có vẻ đã cũ ở cạnh tủ quầy, sau đó mở cửa và đi tới phòng tắm công cộng ở tầng hai.\r\n\r\nChậc, phải xử lý vết máu trên đầu đã, kẻo cứ mang cái \"hiện trường vụ án\" này đi lại khắp nơi, mình bị doạ không sao, chứ cô em gái Melissa phải dậy sớm ngày mai mà thấy thì lại khó giải quyết!\r\n\r\nHành lang ngoài cửa tối om, chỉ có ánh trăng đỏ rực vẩy vào từ ngoài cửa sổ là tạm phác thảo được hình dáng của những vật lồi ra, khiến chúng hệt như đôi mắt quái vật đang lặng lẽ nhìn chằm chằm người sống từ trong bóng đêm thâm trầm.\r\n\r\nChu Minh Thụy bước thật nhẹ, cảm thấy kinh hồn táng đảm mà đi tới phòng tắm.\r\n\r\nBước vào trong phòng tắm, ánh trăng soi tỏ mọi thứ. Chu Minh Thuỵ đứng trước bồn rửa mặt, vặn vòi nước.\r\n\r\nRào rào rào, tiếng nước vang lên bên tai, hắn bỗng nhớ tới chủ nhà Frankie.\r\n\r\nBởi vì tiền nước nằm trong cả tiền thuê nên vị chủ nhà vừa thấp bé lại vừa gầy gò chuyên đội mũ dạ, mặc áo ghile bên trong và khoác áo vest bên ngoài này luôn tích cực tới tuần tra mấy cái phòng tắm, rình nghe tiếng nước chảy bên trong.\r\n\r\n\r\nNếu tiếng nước chảy to, ông bạn Frankie kia sẽ không thèm quan tâm tới phong độ của một vị thân sĩ mà vung cây gậy batoong gõ mạnh lên cửa phòng tắm, miệng thì la hét \"A cái phường trộm cắp đáng chết!\", \"Lãng phí là hành vi đáng xấu hổ!\", \"Tao nhớ mày rồi đó!\", \"Để tao gặp phải lần nữa thì hãy mang theo đống hành lý dơ bẩn của mày mà cút đi đi!\", \"Tin tao đi, đây là nhà trọ có lời nhất toàn bộ cái thành phố Tingen này, mày có tìm nữa cũng không tìm được chủ nhà nào hào phóng hơn tao đâu!\"\r\n\r\nChu Minh Thuỵ thu hồi suy nghĩ, nhúng ướt khăn rồi lau sạch vết máu trên mặt, lần này tới lần khác.\r\n\r\nTới khi soi bằng chiếc gương tồi tàn trong phòng tắm, xác nhận là chỉ còn miệng vết thương trông khá dữ tợn cùng với khuôn mặt tái nhợt, Chu Minh Thuỵ mới thấy thoải mái đôi chút. Sau đó hắn cởi áo lót sợi đay ra, lấy xà phòng chấm lên vết máu trên áo rồi vò sạch.\r\n\r\nCùng lúc đó hắn nhướng mày, nghĩ rằng có lẽ còn có rắc rối khác: Vết thương này bắn ra nhiều máu, ngoài trên người mình ra thì hẳn là vẫn còn dấu vết ở trong phòng!\r\n\r\nVài phút sau, Chu Minh Thuỵ vò sạch áo lót, bèn cầm khăn bước nhanh về phòng. Hắn lau sạch vết máu hình bàn tay trên bàn trước, sau đó nương theo ánh sáng của đèn khí gas tìm kiếm các dấu vết khác.\r\n\r\nThế là hắn lập tức tìm thấy không ít máu rơi trên sàn nhà và bắn vào dưới gầm bàn học. Còn ở bức tường bên tay trái thì có một đầu đạn màu vàng óng ánh.\r\n\r\n\"...Dùng súng nã một phát vào huyệt thái dương?\" Manh mối trước sau tức thì trở nên mạch lạc, Chu Minh Thuỵ đã biết rõ hơn về cái chết của Klein.\r\n\r\nHắn không vội nghiệm chứng mà chăm chú lau sạch vết máu, xử lý \"hiện trường\" trước rồi mới mang đầu đạn về bàn học, rồi vặn phần ổ xoay của súng, đổ số đạn ở trong ra.\r\n\r\nLộc cộc, tổng cộng năm viên đạn, một vỏ đạn, cũng loé lên ánh sáng đồng thau.\r\n\r\n\"Quả nhiên...\" Chu Minh Thuỵ nhìn vỏ đạn rỗng kia, vừa lần lượt nhét các viên đạn vào trong ổ xoay, vừa khẽ gật đầu.\r\n\r\nHắn liếc mắt tới câu \"Tất cả mọi người sẽ chết, kể cả ta\" ở trên trang sách của cuốn bút ký đang mở, lòng xuất hiện rất nhiều nghi vấn.\r\n\r\nSúng này lấy từ nơi nào?\r\n\r\nTự sát? Hay nguỵ trang thành tự sát?\r\n\r\nMột sinh viên nhà bình dân tốt nghiệp chuyên ngành lịch sử thì có thể gặp được chuyện gì?\r\n\r\nTự sát bằng cách nào mới để lại ít vết máu như vậy? Là vì ta xuyên tới đúng lúc nên nhận được phúc lợi chữa trị kịp thời?\r\n\r\nChu Minh Thụy trầm ngâm một lát, rồi thay một chiếc áo lót sợi đay khác. Hắn ngồi lên ghế, suy nghĩ tới chuyện còn quan trọng hơn.\r\n\r\n\r\nTrọng điểm hiện tại cần quan tâm không phải là những gì Klein đã gặp được, mà là biết rõ tại sao mình lại xuyên việt, liệu có thể xuyên trở lại thế giới cũ không?!\r\n\r\nCha mẹ, người thân, bạn bè, thế giới Internet muôn màu muôn vẻ cùng với đủ món ăn ngon... Những điều ấy khiến hắn bức thiết muốn quay trở về!\r\n\r\nTạch, tạch, tạch... Tay phải Chu Minh Thụy vô ý thích vặn ổ xoay của súng ra, rồi lại lắp nó lại, cứ lặp đi lặp lại.\r\n\r\n\"Hừm, khoảng thời gian này đâu có khác gì lúc trước mấy đâu, chỉ là hơi xui tí thôi, sao bỗng dưng lại xuyên việt được? Xui xẻo... Đúng rồi, tối hôm qua lúc ăn cơm mình có làm một nghi thức đổi vận!\"\r\n\r\nMột tia chớp vụt lên trong đầu Chu Minh Thuỵ, chiếu sáng phần ký ức bị sương mù che phủ.\r\n\r\nLàm một chính trị gia online, nhà lịch sử học online, nhà kinh tế học online, nhà sinh vật học online cùng nhà dân tộc học online đủ tư cách, hắn luôn tự nhận mình là kẻ \"cái gì cũng biết đôi chút\". Đương nhiên bạn bè thường nhạo hắn là \"cái gì cũng chỉ biết chút xíu\".\r\n\r\nMà phương thuật thì là một trong số đó.\r\n\r\nNăm ngoái hắn về nhà, phát hiện một cuốn sách khổ dọc buộc chỉ tên là \"Tóm lược phương thuật bí truyền thời Tần Hán\" ở trong một hiệu sách cũ. Thấy cuốn này có vẻ thú vị, lại giúp mình có thể chém gió chém bão trên mạng nên hắn mua về. Tiếc là, hứng thú tới nhanh, đi cũng nhanh. Loại sách viết dạng khổ dọc này khiến người ta không hứng đọc, nên hắn chỉ giở xem phần mở đầu là vứt xó.\r\n\r\nTới mấy tháng gần đây hắn gặp vận xui liên tục, nào là mất điện thoại, rồi khách hàng bỏ trốn, hoặc là làm sai. Những chuyện xấu liên tục kéo tới khiến hắn mới ngẫu nhiên nhớ tới phần mở đầu của \"Tóm lược phương thuật\" kia có nghi thức đổi vận, mà yêu cầu rất đơn giản, không cần phải có phần căn bản gì:\r\n\r\nChỉ cần chia món ăn đặc sắc của khu vực đang sống làm bốn phần đặt tới bốn góc của căn phòng, có thể để trên bàn, hoặc ngăn tủ. Sau đó đứng trung tâm của phòng, đi bốn bước theo chiều ngược kim đồng hồ tạo nên một hình vuông. Bước đầu tiên thì thành kính lẩm nhẩm \"Phúc Sinh Huyền Hoàng Tiên Tôn\", bước thứ hai thì nhẩm \"Phúc Sinh Huyền Hoàng Thiên Quân\", bước thứ ba là \"Phúc Sinh Huyền Hoàng Thượng Đế\", bước cuối cùng thì nhẩm \"Phúc Sinh Huyền Hoàng Thiên Tôn\". Sau khi bước xong thì nhắm mắt lại, chờ đợi năm phút là nghi thức được coi như thành công.\r\n\r\nCứ nghĩ là dù sao cũng chả mất gì, nên hắn lục cuốn sách đó ra, dựa theo đó mà làm y hệt trước bữa tối, cơ mà, cơ mà lúc ấy chẳng xảy ra chuyện gì cả.\r\n\r\nAi ngờ tới nửa đêm hắn lại tự dưng xuyên việt!\r\n\r\nXuyên việt rồi!\r\n\r\n\"Chắc chắn là do cái nghi thức đổi vận kia rồi... Hừm, ngày mai phải thử lại một lần. Nếu quả thật là vì nó, ta có hy vọng xuyên trở lại rồi!\" Chu Minh Thụy dừng động tác vặn ổ xoay của súng, ngồi thẳng người dậy.\r\n\r\nBất kể thế nào hắn cũng phải thử một lần!\r\n\r\nPhải liều một phen mới được!', 1),
(3, 'Chương 1', 'Tỉnh giấc', 'Trịnh Xá luôn nghĩ rằng mình đã chết, đi làm, hết giờ, ăn uống, bài tiết, đi ngủ, thức dậy, hắn không biết ý nghĩa của mình nằm ở chỗ nào, không phải nơi khuôn mặt nhăn nhở béo ngậy của tay chủ nhiệm, cũng chẳng phải trên thân thể mấy cô gái văn phòng làm quen nơi quán bar, và chắc chắn không phải trong khu rừng sắt thép của đô thị hiện đại.\r\n\r\nTrịnh Xá nghĩ rằng mình đang thối rữa dần, thối rữa từ khi hai mươi tư tuổi, thối rữa cho đến khi biến thành bùn đất, chỉ lưu lại trên đời một cái tên, không, thậm chí cả một cái tên cũng không lưu lại vì trên đời này sẽ không còn ai nhớ đến hắn, một nhân viên văn phòng nhỏ nhoi, bất luận hắn là người thế nào, hắn cũng chỉ là một hạt bụi giữa đời.\r\n\r\nHắn muốn thay đổi, muốn xác định ý nghĩa của mình... TruyệnFULL.vn - https://.vn\r\n\r\n- Muốn hiểu ý nghĩa của sinh mệnh ư? Muốn thật sự....sống... không?\r\n\r\nHôm nay Trịnh Xá vừa đến công ty, mở máy tính thì trên màn hình nhảy ra câu hỏi này. Hắn cho rằng đó chỉ là trò đùa của mấy tay hacker, cho dù nhấn vào yes hay no thì máy tính của hắn cũng sẽ nhiễm virus, chỉ đành khởi động lại máy vậy. Nhưng khi con chuột vừa di đến câu trả lời, linh tính của hắn bỗng nảy lên, tay chợt dừng lại.\r\n\r\n- Muốn hiểu ý nghĩa của sinh mệnh ư? Muốn thật sự... sống...không?\r\n\r\nTrịnh Xá thật sự mê mang, một sự quyến rũ vô pháp diễn tả khiến ngón trỏ của hắn nhắp chuột vào chữ yes và... lập tức mất hết tri giác.\r\n\r\nLãnh lẽo, lắc lư...\r\n\r\nTrịnh Xá bật dậy thật mạnh, kinh hoàng nhìn bốn xung quanh, khung cảnh của văn phòng và hoàn cảnh xung quanh nhòe lẫn vào nhau, nhưng chỉ vài giây, sự lẫn lộn tan biến.\r\n\r\n- Không tệ, chú em là người có tố chất tốt nhất lần này.\r\n\r\nMột giọng nói lạnh lùng vang lên.Trịnh Xá quay đầu lại nhìn, chỉ thấy một người thanh niên tóc đen đang cười nhạt nhìn hắn, người thanh niên trạc hai nhăm hai sáu, hình dạng hết sức phổ thông, có điều trên gương mặt có vài vết sẹo trông rất khủng khiếp. Người thanh niên tóc đen cầm trên tay một điếu thuốc lá, rít một hơi rồi chuyển ánh mắt ra sau lưng Trịnh Xá, lúc này hắn mới nhận ra sau mình còn có năm người đang mê man, ba nam, hai nữ, ngoài ra trong không gian này còn có mười mấy người ngoại quốc. Bọn họ đang ở trong một toa xe chạy rất nhanh, cảm giác lạnh lẽo, lắc lư là do toa xe chuyển động tạo ra.\r\n\r\n- Đây là nơi nào? Các người là ai? Tại sao tôi lại ở đây?\r\n\r\nVì có người ngoại quốc nên Trịnh Xá dùng tiếng Anh để hỏi, đám người nước ngoài chỉ quay đầu lại nhìn rồi quay đi, riêng người thanh niên tóc đen hít thật sâu rồi nói:\r\n\r\n- Nghĩ lại cho tử tế đi, Nó chắc đã in tất cả vào não mấy người rồi đấy.\r\n\r\nNhớ lại xem nào, Trịnh Xá chỉ nhớ mình nhìn thấy hàng chữ: Muốn hiểu ý nghĩa của cuộc sống ư? Muốn thật sự...sống... không? Hắn nhấn vào yes và mất tri giác... Khoan đã.. sinh tồn và sinh mệnh... Đây là một trò chơi, ai chế tạo ra nó thì không thể biết, có lẽ là các vị thần, cũng có thể là ác ma, hoặc giả người ngoài hành tinh hay người tương lai đều có khả năng và hắn là thành viên tham gia trò chơi này, chính xác hơn là hiện tại hắn trở thành thành viên tham gia. Khi một người trong cuộc sống hiện đại cảm thấy lạc lõng, mơ hồ, anh ta hoặc cô ta sẽ được chuyển đến thế giới các bộ phim kinh dị nếu chọn yes.\r\n\r\n- Đây là Resident Evil 1, lính mới, chúc mừng các người gặp may mắn, lần đầu tiên tham gia lại là dạng phim tương đối dễ dàng. Có chết cũng rất thanh thản.\r\n\r\nNgười thanh niên dập tắt điếu thuốc, gằn giọng cười.\r\n\r\n- Ý anh là chúng ta chỉ có ý thức tiến vào máy tính, giống như trong tiểu thuyết huyền huyễn, sau khi chơi xong có thể trở về phải không?\r\n\r\nMột gã béo bên cạnh Trịnh Xá chợt lên tiếng hỏi. Người thanh niên rút trong người ra một khẩu Deasert Eangle, kéo quy lát kiểm tra, xoay xoay trong tay rồi trả lời:\r\n\r\n- Ý thức hay không thì tao không biết, nhưng các người sẽ cảm thấy đau, các người sẽ bị thương, sẽ chết, và chú mày sai rồi, mỗi lần xong một bộ phim, các người sẽ đi tiếp đến một bộ phim khác, có thể đã xem, có thể chưa xem, mỗi bộ phim \" Chủ thần\" sẽ không ngừng đưa người mới đến, bổ sung vào số đã chết lần trước, mỗi lần nhân số tham gia từ bảy đến hai mươi người, nói một cách khác, lần này tương đối dễ dàng nên tất cả chúng ta chỉ có bảy người.\r\n\r\nGã béo cười nhạt:\r\n\r\n- Sao anh dám chắc rằng những người đã chết không quay trở về cơ thể, có khi họ tự chọn chết đi không biết chừng.\r\n\r\nNgười thanh niên tóc đen ngẩng phắt dậy, trong mắt lóe lên tia sáng lạnh, đột ngột hắn chồm đến như một con báo, một giây sau, hắn đã đè lên gã béo, khẩu súng trong tay nhét nòng vào miệng gã béo:\r\n\r\n- Mày muốn thử chết hả, muốn thử xem thế nào là vô hạn khủng bố hả? Tao đã trải qua ba bộ phim, bộ phim đầu tiên là Nightmare on Elm Street 1( Mãnh quỷ nhai), lúc ấy tổng cộng có 15 người mới tham gia, còn có hai người đã trải qua hai bộ phim, thế mày có biết kết cục ra sao không, tất cả đều chết trong giấc mơ, chỉ còn tao và một người nữa sống sót. Mày có biết cảm giác khi bị giấc mơ hoang đản giết chết là thế nào không? Mày cảm thấy sao khi xung quanh biến thành một đống thịt nát mà vẫn chuyển động? Cảm thấy sao khi trong công xưởng u ám, bị Fred dùng dao xẻ từng miếng, từng miếng thịt? Mày muốn chết lắm hả đồ rác rưởi?\r\n\r\nNgười thanh niên gào thét điên cuồng, gã béo sợ đến nhũn người, nhưng do nòng súng nhét trong miệng nên van xin cũng không nổi. Trịnh Xá và mấy người còn lại mãi mới khuyên được hai người tách ra, người thanh niên đứng dậy, quay về góc, lau súng và nói:\r\n\r\n\r\n- Bị chết trong phim là chết thật, và nếu bị ác ma hành hạ đến chết thì các người sẽ chết rất thê thảm, nếu không có dũng khí tiếp tục thì tự sát đi cho khỏe.\r\n\r\nMột cô gái đeo kính nói:\r\n\r\n- Thế chúng ta không có cơ hội trở về cơ thể của mình nữa sao?\r\n\r\nNgười thanh niên liếc mắt nhìn rồi nói:\r\n\r\n- Nãy giờ đã nói rồi, các người không chỉ có ý thức tiến vào đây, làm gì có kỹ thuật nào chế tạo được trò chơi như thế này, chỉ có các vị thần thôi, chúng ta chỉ là những con sâu, bị bọn họ quẳng vào đây, quằn quại mua vui cho họ, cả thân thể lẫn tinh thần của chúng ta đều tiến vào đây, không về được nữa, tối thiểu tao cho rằng không về được nữa.\r\n\r\nCô gái đeo kính có một khí chất rất bình tĩnh, nhỏ nhẹ nói:\r\n\r\n- Nghe anh nói vậy có vẻ như vẫn có hy vọng trở về?\r\n\r\nNgười thanh niên liếc mắt nhìn cô gái, nhếch mép nói:\r\n\r\n- Lần này lính mới có tố chất tương đối đấy nhỉ, không sai, đúng là có hy vọng trở về.\r\n\r\nCả sau người đều nín thở lắng nghe, nhìn chằm chằm vào người thanh niên.\r\n\r\n- Mỗi lần hoàn thành nhiệm vụ trở về, các người sẽ được thưởng 1000 điểm, có thể đổi được rất nhiều thứ, ví dụ như một trăm ngày sống trong bộ phim này chẳng hạn..\r\n\r\nMột người đàn ông trung niên bên cạnh cô gái đeo kính kêu lên:\r\n\r\n- Điên hay sao mà muốn sống trong phim kinh dị!\r\n\r\nNgười thanh niên chỉ cười nhạt không trả lời, nhưng cô gái đeo kính lại vuốt trán rồi cất tiếng:\r\n\r\n- Không, tôi nghĩ là đã hiểu rồi, phim kinh dị cũng có nhiều loại, ví dụ như bộ phim này là dạng khoa học viễn tưởng, không có ma quỷ, trừ nơi xảy ra truyện phim, những nơi khác có lẽ là bình thường.\r\n\r\nNgười thanh niên búng ngón tay trả lời:\r\n\r\n- Chính xác! Có thể sống bình thường 100 ngày ở những nơi an tĩnh, cứ tưởng tượng xem sau những bộ phim nguy hiểm, có thể sống 100 bình thường thì hạnh phúc như thế nào?\r\n\r\nTrịnh Xá giật mình, dường như hắn đã hiểu tác dụng của nơi này, chính vì bình nhật cuốc sống quá bình đạm khiến hắn có cảm giác rữa nát, nhưng nếu liên tục trải qua hiểm nguy thì một cuộc sống bình đạm lại trở nên vô cùng đáng quý.\r\n\r\n- Trừ việc có thể đổi số ngày sống an định ra, 1000 điểm có thể đổi được rất nhiều thứ, ví dụ như khẩu Deasert Eangle vô hạn đạn dược này, chỉ tốn có 100 điểm, ngoài ra có thể nâng cao sáu hạng mục cơ thể như: Trí lực, tinh thần lực, tế bào hoạt lực, miễn dịch lực, sức mạnh cơ bắp, phản xạ thần kinh, người bình thường trung bình là 100 mỗi hạng, mỗi 10 điểm thưởng có thể nâng 1 điểm tố chất, nói một cách khác, nếu các người sống sót trở về có thể khiển cho mình trở nên mạnh gấp đôi, nếu sống sót qua 100 bộ phim, các người có thể trở thành siêu nhân.\r\n\r\nCô gái đeo kính bình tĩnh hỏi:\r\n\r\n- Vậy thì để trở về cuộc sống bình thường cần bao nhiêu điểm?\r\n\r\n- 50000 điểm - Người thanh niên lại châm một điếu thuốc rồi trả lời- Chỉ cần các người sống quá 50 bộ phim mà không đổi chác gì thì có thể trở về.\r\n\r\nMọi người lặng đi, nếu muốn sống sót qua 50 bộ phim mà không tự cường hóa thì qua là nhiệm vụ bất khả thi.\r\n\r\n- Tất nhiên, 1000 điểm đó chỉ là điểm thưởng cơ bản, còn có thể kiếm thêm, ví dụ như theo quy định, mỗi khi giảng giải luật lệ cho lính mới như tôi vừa làm thì có thể được thưởng 100 điểm, còn nữa, các người đều chú ý thấy mình đeo một cái đồng hồ kỳ quái phải không?- Người thanh niên giơ tay trái lên, trên đó có một chiếc đồng hồ kim loại, kiểu cách cổ điển.\r\n\r\n\r\nMọi người nhìn xuống tay mình, trên tay mỗi người đều có một chiếc đồng hồ đang đếm ngược 3h01, phía dưới còn có các dòng số như: Số người mới, số zombie, số Licker..v.v\r\n\r\n- Giết 10 con zombie được thưởng 1 điểm, 1 con Licker được thưởng 100 điểm, giết lính mới được thưởng... 1000 điểm - Vừa nói người thanh niên vừa liếc nhìn đám lính mới với vẻ bất thiện, chỉ có Trịnh Xá và cô gái đeo kính nhìn lại một cách bình tĩnh.\r\n\r\n- Tất nhiên là âm 1000 điểm..\r\n\r\nNgười thanh niên cười nhạt, nhìn Trịnh Xá và cô gái đeo kinh rồi nói:\r\n\r\n- Được rồi, cần hỏi gì thì nhanh lên, phim sắp bắt đầu rồi đấy.\r\n\r\nCô gái đeo kính nhìn Trịnh Xá, hắn khẽ gật đầu, cô gái nói:\r\n\r\n- Còn vài vấn đề, bộ phim này là Resident Evil 1, T Virus lan tràn ở thành phố Racoon, nếu chúng ta ngồi trên xe này rời khỏi nơi đây thì có vẻ trải qua quá dễ dàng phải không?\r\n\r\nNgười thanh niên gật đầu trả lời:\r\n\r\n- Xem trên đồng hồ, có một cái tên, đọc lên!\r\n\r\n- Matt Anderson!\r\n\r\nMấy người cùng đọc một lúc, tiếp theo trong đám người nước ngoài có một người da đen đột nhiên phát sáng, giây lát sau ánh sáng tắt đi.\r\n\r\n- Đó là đội trưởng lính đánh thuê trong phim, bộ phim này diên ra trong một phạm vi hẹp, chỉ có trong Hive, để hạn chế độ khó, chủ thần quy định không cho phép chúng ta đi quá xa khu vực cốt truyện, nếu cách xa Anderson quá 100 m thì...Bum...Không còn lại gì hết, đã hiểu chưa, sau khi Anderson chết thì hạn chế sẽ chuyển sang một nhân vật khác, vì thế chúng ta chỉ có thể cố mà sống sót, thế thôi.\r\n\r\nTrịnh Xá đột nhiên hỏi:\r\n\r\n- Thế chủ thần là cái gì, tôi thấy anh thường hay nhắc đến cái tên này?\r\n\r\n- Chủ thần là thứ quản lý chúng ta tiến nhập vào đây, trao điểm số hay đổi vật phẩm đều thông qua chủ thần, nó là một quả cầu ánh sáng, thực tế tôi cũng chẳng biết nữa.- Người thanh niên phảy phẩy tay nói.\r\n\r\n- Vấn đề cuối cùng, hàng số đếm ngược này nghĩa là gì? - Cô gái đeo kính hỏi\r\n\r\n- Thời gian cô em phải trải qua trong bộ phim này, hết giờ sẽ trở về chỗ CHủ thần lĩnh thưởng rồi lại tiếp tục tham gia bộ phim khác.- Người thanh niên rít một hơi thuốc rồi trả lời.\r\n\r\nĐúng lúc đó, toa xe bắt đầu từ từ dừng lại, người thanh niên rít nốt điếu thuốc, rút súng ra rồi nói:\r\n\r\n- Đước rồi, cốt truyện bắt đầu, từ bây giờ họ có thể nghe chúng ta nói chuyện, nếu tiết lộ cốt truyện hay thông tin về chủ thần sẽ bị trừ điểm, mỗi câu 10 điểm, trừ vào phần thưởng sẽ nhận được sau này, vì thế liệu mà giữ mồm giữ mép.\r\n\r\nToa xe từ từ dừng lại, đám lính đánh thuê lần lượt đứng dậy rời khỏi một cách cẩn thận, súng ống lăm lăm. Người thanh niên tóc đen cũng nghênh ngang bước ra theo, cô gái đeo kính liếc nhìn Trịnh Xá và những người còn lại, tiếp bước, nhìn thấy Anderson đã đi xa, mọi người vội vàng đuổi theo.\r\n\r\nĐứng trên sân ga rộng, Trịnh Xá cố hồi ức lại bộ phim, nơi này chính là cửa vào Hive, phòng thí nghiệm dưới lòng đất. Mọi người tiến về phía một cánh cửa sắt cuối sân ga,trên cánh cửa có phù hiệu công ty Umbrella và ký hiệu nguy hiểm. Trịnh Xá cùng mọi người đi theo đến trước cửa, đột nhiên một cô gái rất đẹp, mặc chiếc váy liền thân màu đỏ quay lại hỏi Anderson:\r\n\r\n- Tôi muốn biết các người là ai? Có chuyện gì xảy ra ở đây?\r\n\r\nAnderson quay nhìn cô gái, phất tay ra hiệu cho đám lính đánh thuê dỡ ra một đống máy móc, lắp đặt rồi mở mã, bản thân trả lời:\r\n\r\n\r\n- Chúng tôi được công ty Umbrella thuê, cô cũng vậy, đây là cửa vào Hive, còn cô là nhân viên an ninh được đăng ký trong danh sách nhân viên, vì thế chúng tôi đưa cô theo.\r\n\r\nTrịnh Xá nhớ rằng đây là trường đoạn nhân vật chính Alice hỏi Anderson về nguyên nhân vụ việc, dù xem phim vài lần nhưng khi tự thân tham dự vẫn tạo cho hắn một cảm giác kỳ quặc khó tin.\r\n\r\nAlice nghe trả lời, khuôn mặt ngơ ngẩn, vuốt chiếc nhẫn cưới trên tay, hỏi một cách mê mang:\r\n\r\n- Cái này là sao?\r\n\r\nAnderson lãnh đạm nói:\r\n\r\n- Cô chưa kết hôn, cái nhẫn này chỉ dùng để yểm hộ thôi, ngoài ra nó còn là biểu chưng cho thân phận nhân viên an ninh.\r\n\r\n- Thế Hive là cái gì?\r\n\r\nBên cạnh, một người đàn ông không phải lính đánh thuê hỏi, Trịnh Xá nhận ra người này chính là nguyên nhân của toàn bộ vụ việc, kẻ ăn trộm T- Virus, gián điệp thương nghiệp Sion, cũng là một nhân vật nam chính.\r\n\r\nMatt Anderson nói với một lính đánh thuê khác:\r\n\r\n- Cho họ xem!\r\n\r\nNgười này gật đầu, xoay màn hình vi tính về phía mọi người, trên đó hiện ra một bản đồ lập thể của toàn bộ kiến trúc.\r\n\r\n- Đây là cửa ra vào Hive, Hive là một phòng thí nghiệm mật nằm dưới lòng đất thành phố Racoon, chỗ này là nơi chúng tôi tìm thấy quý vị, chúng ta xùng tàu điện đi từ đó đến đây.\r\n\r\nMàn hình liên tục thay đổi các hình lập thể, cuối cùng hiện ra một kiến trúc có hình như một cái tổ ong mật.\r\n\r\n_ Đây là Hive, một căn cứ nghiên cứu tuyệt mật của công ty Umbrella, ở đây có trên 500 nhân viên nghiên cứu, nội dung nghiên cứu rất quan trọng đối với công ty, tuyệt mật, chúng tôi cũng không biết rõ. Còn chúng ta thông qua cảm ứng nhiệt thể hiện trên màn hình.\r\n\r\nAnderson liên tục giải thích, còn trên màn hình đã xuất hiện vị trí mọi người đang đứng, hình dáng sân ga lập thể năm trên đỉnh tổ ong, Trịnh Xá biết rằng lúc này nơi đây tuyệt đối an toàn, nhưng chỉ lát nữa sẽ trở thành khu vực của thần chết.\r\n\r\n- Còn bọn họ là ai?- Alice đột nhiên chỉ về phía đám người của Trịnh Xá.\r\n\r\nToán người của Trịnh Xá giật thót người, họ cứ cho rằng mình chỉ là nhân vật khách quan không liên quan đến cốt truyện, chỉ cần tránh né những con quái vật trong phim, không ngờ Alice lại chỉ vào họ.\r\n\r\nMatt Anderson trả lời:\r\n\r\n_ Họ là nhân viên bảo vệ Hive, có đăng ký trong danh sách công ty, tuy vậy tôi cho là có sự nhầm lẫn, ngoài gã người da vàng kia có vẻ là chiến binh, còn là đều là phổ thông thị dân.\r\n\r\nĐám người Trịnh Xá hiểu ngay rằng đó là thân phận do Chủ thần bố trí. Sion bỗng hỏi:\r\n\r\n- Sao tôi lại mất trí nhớ, không nhớ được gì hết?\r\n\r\n- Hive có hệ thống phòng ngự độc lập do máy tính trung ương Red Queen điều khiển, khi có sự cố hay kẻ địch xâm nhập, nó sẽ phóng ra hơi độc thần kinh khiến mọi người hon mê trong 4h đồng hồ, khi tỉnh lại sẽ có một số tác dụng phụ, mất trí nhớ là một trong số đó.- Anderson trả lời.\r\n\r\nSion lại hỏi:\r\n\r\n- Mất trí nhớ trong bao lâu?\r\n\r\n- Tùy từng người, từ một giờ đến một tuần.\r\n\r\nLại một người đàn ông không phải là lính đánh thuê hỏi:\r\n\r\n- Ý ông là Hive bị tấn công, trong đó có bọn khủng bố?\r\n\r\n- Có lẽ còn tệ hơn.\r\n\r\nTrịnh Xá cũng nhận ra người thanh niên này, đó là Mad, người giả mạo cảnh sát đến Hive tìm em gái, cô em gái là nhân viên nghiên cứu của Hive, do nhận ra tác hại của T-Virus nên tìm cách thông báo với chính phủ, kết hợp với Alice lấy trộm T-Virus, chưa kịp hành động đã bị Sion phát tán virus giết chết, biến thành zombie. Trịnh Xá muốn cảm tạ ông trời, do trước đây cuộc sống quá buồn chán, hắn thường hay xem phim, đặc biệt là loại phim khoa học viễn tưởng như thế này. Bây giờ quen thuộc tình tiết và diễn biến câu truyện, cơ hội sống sót sẽ cao hơn, nhân vật chính không thể chết, cho dù phim ảnh hay tiểu thuyết đều khẳng định.\r\n\r\n\r\nLúc bấy giờ một nữ dung binh lên tiếng:\r\n\r\n- Cửa đã mở thưa sếp, có thể tiến vào/\r\n\r\nMatt nhìn đám Trịnh Xá, thở dài rồi dẫn đám lính đánh thuê tiến về phía cửa. Cánh cửa từ từ mở ra, bên trong tối om, Anderson ra lệnh:- J-D!, người lính đánh thuê đeo kính hồng ngoại, Anderson chần chừ một lúc rồi nói: - Trương Kiệt! Người thanh niên tóc đen không nói không rằng giương súng nghênh ngang tiến vào, Trịnh Xá cho rằng Trương Kiệt cũng thông hiểu cốt truyện, chỉ cần chưa tắt Red Queen, khu vực này còn an toàn, nhưng ngay khi máy tính tắt, chỗ này sẽ thành lãnh địa của zombie và Licker.\r\n\r\nRất nhanh, Trương Kiệt bật đèn lên, cả khu vực dần dần sáng lên, qua các khung cửa sổ có thể nhìn thấy trời xanh, đường phố. Lính đánh thuê và mọi người tiến vào, một lính đánh thuê nữ xem xét máy móc rồi nói:\r\n\r\n- Khu vực an toàn, độc khi đã tan.\r\n\r\nTrịnh Xá biết rằng khu vực này đã bị nhiễm Virus, mọi người đã chết và biến thành zombie, chỉ còn bản năng ăn. Sion sau khi lấy trộm T-Virus đã đập vỡ một ống ở đây, Red Queen sau khi phát hiện đã khóa hết các cửa và xả khí độc giết chết tất cả, giờ đây trong Hive chỉ còn bọn họ và đám zombie, Licker. Có vẻ như Resident Evil 1 khá là phổ biến, mấy người xung quanh, bao gồm cả cô gái đeo kính đều tựa vào khung cửa ngắm cảnh, họ đều biết khu vực này hiện tại khá an toàn.\r\n\r\nMad đột nhiên nói:\r\n\r\n- Những trang trí này dùng để cải thiện môi trường làm việc dưới lòng đất, không ai thích suốt ngày đối mặt với không khí âm lạnh của bê tông cốt thép cả. Nhìn thấy ánh sáng mặt trời, họ sẽ có cảm giác đang ở trên mặt đất.\r\n\r\nTrịnh Xá chần chừ một lúc rồi chìa tay ra:\r\n\r\n- Trịnh Xá..ừm.. có lẽ là bảo vệ ở đây.\r\n\r\nMad do không có trong danh sách nhân viên nên ngay từ đầu bị lính đanh thuê còng tay, cười khổ nói:\r\n\r\n- Bị còng nên không bắt tay bạn được, còn tên thì.. hình như cũng quên mất rồi.\r\n\r\nTrịnh Xá thân thiện cười với Mad, hắn rất có cảm tình với người thanh niên này, anh chàng là kẻ vô tội nhất trong bộ phim, cho đến cuối cùng vẫn bảo vệ Alice, sang phần hai còn chiến đấu giúp Alice và các bạn.\r\n\r\nMột bên, Matt Anderson và lính đánh thuê mở cửa thang máy nhưng bên trong tối mò, một lính đánh thuê bẻ đèn huỳnh quang ném xuống, một lúc sau mới thấy thang máy đã bị đứt cáp bên dưới, người bên trong chắc chắn toi mạng hết rồi. Người lính đánh thuê nói với Matt:\r\n\r\n- Sếp, xem ra chúng ta phải đi cầu thang bộ thôi.\r\n\r\nMặt của Matt của vẻ tái đi, quay lại nói:\r\n\r\n- Đi cầu thang bộ, trong mười phút đến tầng đáy, mọi người đều phải đi theo!\r\n\r\nThể chất của lính đánh thuê thì khỏi cần nói, Alice thì trong thân thể có T-Virus nên hơn hẳn những người khác ( đoạn này tác giả nhầm, đầu phần 1 Alice chưa bị nhiễm virus), Sion và Mad cũng không tệ, Trương Kiệt đã sống sót qua 3 bộ phim, dù chỉ dùng một phần nhỏ điểm thưởng cường hóa tó chất cũng có thể lực tuyệt đối siêu qua người thường.\r\n\r\nCòn lại sáu người, Trịnh Xá tuy làm văn phòng nhưng thường hay tập luyện, ít nhất tuần một lần, theo hắn nói thì chỉ có thể lực tốt mới có thể xử lý được sự nhiệt tình của mấy em gái văn phòng. Vì vậy thể lực cũng hơi tốt hơn người bình thường. Cô gái đeo kính có vẻ nhu nhược, thể lực tất nhiên yếu, lại là con gái nên càng không thể so sánh với đàn ông, có điều cô nàng khá thông minh, ngay từ đầu đã bám vào vạt áo của Trương Kiệt, do anh chàng thừa thụ một phần trọng lượng, Trương Kiệt chỉ liếc nhìn một cái rồi cứ thế mà chạy.\r\n\r\nGã béo bụng phệ trạc hai bảy, hai tám, thịt trên người rung lên theo từng bước chạy, càng ngày càng chậm. Người đàn ông trung niên có vẻ là lao động chân tay, chạy tuy không nhanh nhưng luôn theo kịp mọi người, không tụt lại. Người phụ nữ trung niên còn chậm hơn gã béo, về sau chỉ lê từng bước. Cuối cùng là một thanh niên mười mấy tuổi, tướng mạo cực kỳ phổ thông, là loại ném vào đám đông lập tức mất tích mất tăm, tốc độ tương đương với trung niên, theo kịp đội ngũ.\r\n\r\nChẳng bao lâu người phụ nữ trung niên và gã béo mất dạng, Trịnh Xá bỗng nghe Trương Kiệt nói:\r\n\r\n- hai người bị loại!\r\n\r\nHắn ngạc nhiên hỏi:\r\n\r\n- Cái gì mà hai người bị loại?\r\n\r\nTrương Kiệt cười lạnh:\r\n\r\n- Bọn họ chứ ai, đừng coi lời của tôi như gió qua tai, đây không phải điện ảnh, rời xa Matt 100 m, họ chết chắc rồi.\r\n\r\nOanh!\r\n\r\nTrương Kiệt vừa dứt lời, phía trên vong xuống hai tiếng nổ đanh, mọi người ngơ ngẩn nhìn lên, nhưng họ không thấy gì hết ngoài cầu thang lạnh lẽo.', 2);
INSERT INTO `chapter` (`id`, `number`, `name`, `content`, `novel_id`) VALUES
(4, 'Chương 2', 'Đi sát bên cái chết', 'Đám người Trịnh Xá kinh hoàng chạy theo đại đội, họ không biết phải làm sao, vừa từ xã hội văn minh, hòa bình tới, đột nhiên phải trải qua những kinh lịch như trong truyện giả tưởng. Lúc bắt đầu, xác thực là họ đều cho rằng đây chỉ là một giấc mơ, Trịnh Xá còn có chút vui âm ỉ. Cuộc sống thực tế qua bình đạm, hắn muốn kích thích, tìm đủ loại kích thích, từ one night stand đến hút ma túy, đánh nhau để thoát khỏi cái vòng luẩn quẩn đi làm, tan sở, ăn rồi ỉa. Hắn không muốn một thế giới như thế, hắn đi tìm một thể giới đầy hiểm nguy, kích động, giờ đây một thế giới như vậy đang mở ra trước mặt hắn. Vì thế lúc đầu hắn cảm thấy vui sướng, không những có thể trải qua vô số bộ phim kinh dị mà còn có thể dùng điểm thưởng tự cường hóa. Chỉ cần những bộ phim đầu tiên hắn đã xem, đã quen thuộc, hắn nhất định sẽ không chết, sau này, khi hắn đã mạnh lên, nhân vật trong phim không làm gì được hắn nữa, khi đó, hắn có thể tùy ý đi ở, tìm sự kích thích, thậm chí chơi chán sẽ quay về hiện thật. Đúng là một thiên đường.\r\n\r\nNhưng bây giờ, khi hai tiếng nổ vọng đến tai hắn, giống như nhát búa đập tan giấc mơ của hắn. Làm gì có thiên đường, nơi đây không phải là thiên đường mà là địa ngục, hắn bất quá chỉ là một con sâu bé tí trong tay các vị thần, mạng người chỉ đáng giá hai tiếng nổ. Không, hắn không muốn chết, không thể chết được...\r\n\r\nĐám lính đánh thuê và các nhân vật đều không nghe thấy tiếng nổ, thậm chí còn không biết đến việc thiếu mất hai người. Khi chạy đến cuối cầu thang, một lính đánh thuê nói:\r\n\r\n- Sếp, Red Queen đã chú ý đến chúng ta rồi.\r\n\r\nAlice kỳ quái hỏi:\r\n\r\n- Red Queen là ai?\r\n\r\nAnderson liếc nhìn nàng rồi nói:\r\n\r\n- Là hệ thống tiến tiến nhất toàn quốc, khống chế Hive, là máy tính trung ương của nơi này.\r\n\r\nĐám lính đánh thuê đi xuống cầu thang, Trương Kiệt quay nhìn đám Trịnh Xá đang thở hồng hộc, phì cười nói:\r\n\r\n- Cố gằng lên, còn sống là đang tạ ơn ông trời rồi, nói thật thì các người rất chi là may mắn, bộ phim này rất ít nguy hiểm, đúng ra là một trong rất ít những bộ phim có thể dùng súng đạn giải quyết vấn đề, cố mà kiên trì, chỉ cần sống sót qua bộ phim này các người sẽ có 1000 điểm để tự cải thiện thể chất.\r\n\r\nCùng với việc đi sâu vào bên trong, nhiều phòng thí nghiệm hiên ra hai bên hành lang, nhưng chúng đều ngập đầy nước, bên trong còn lềnh bềnh xác chết của những nhân viên nghiên cứu, trắng bệch một cách kinh khủng. Trinh Xá biết rằng họ đều đã nhiễm Virus, chỉ cần máy tính bị tắt sẽ lập tức sống lại, tìm người ăn thịt.\r\n\r\n- Hỏng rồi - Một lính đánh thuê dừng lại - Muốn đến phòng điều khiển phải đi ngang qua những phòng thí nghiệm này, nhưng chúng đều ngập đầy nước, tôi không nghĩ rằng chúng ta đi qua được.\r\n\r\nMatt gật đầu, quay lại nói:\r\n\r\n- Ryan, J-D, xem xem có cách nào thoát nước không?\r\n\r\nNữ lính đánh thuê tóc dài hóa ra lại có một cái tên nam giới: Ryan, cùng J-D mang súng đi sâu vào trong. Matt nhìn vào những phòng thí nghiệm đầy nước, nói:\r\n\r\n-Frank, Trương Kiệt, tìm xem còn đường khác để đến chỗ Red Queen không?\r\n\r\nFrank nhấc súng đi theo Ryan, Trương Kiệt hướng đám Trịnh Xá phẩy phẩy tay, có vẻ rất khinh tùng cũng đi theo. Bốn người đi đã xa, Sion bỗng hỏi:\r\n\r\n- Có chuyện gì xảy ra ở đây thế này, tại sao những phòng thí nghiệm này đền có vẻ...\r\n\r\n- Bị xả ngập nước từ bên trong- Matt nhìn mọi người rồi trả lời - Khoảng 5 tiếng trước, Red Queen bất ngờ cắt đứt liên lạc, khóa hết các cửa ra vào, hủy thang máy và dùng hệ thống phòng ngự phun khí độc, xả ngập nưốc giết chết tất cả những người ở đây.\r\n\r\nMatt ngừng lại một lúc rồi tiếp tục:\r\n\r\n- Khi công ty phát hiện ra tình huống ở đây, họ phái tiểu đội của chúng tôi đến đấy tắt hệ thống máy tính, đó là nhiệm vụ của chúng tôi.\r\n\r\nCác nhân vật phim đều kinh ngạc, Alice nghiến răng nói:\r\n\r\n- Sao nó lại làm thế, nó không phải là hệ thống trí tuệ nhân tạo sao?\r\n\r\nMatt lắc đầu đáp:\r\n\r\n- Tôi cũng không biết, có thể là do tác động từ bên ngoài, virus máy tính hoặc phá hoại tất cả đều....\r\n\r\n\r\nMatt còn đang nói thì bức tường thủy tinh sau lưng Mad có một tử thi trắng bệch trôi tới, anh chàng giật mình kêu lên, nhảy sang một bên. Mọi người đều bị giật mình, nhìn về hướng đó. Mấy người của Matt tuy có vẻ mất tự nhiên nhưng ngay sau đó bình tĩnh lại, chỉ có Trịnh Xá mấy người sợ đến nỗi chân tay lạnh ngắt. Ngồi xem phim thì không sao, nhưng khi ở cự ly gần nhìn mọi chuyện thì cảm giác khủng khiếp khó lòng diễn tả hết được.\r\n\r\nĐang lúc Trịnh Xá thất thần nhìn xác chết, chợt có một bàn tay vỗ lên vai hắn, lúc này hành động nào cũng có khả năng dọa chết người, Trịnh Xá kinh hãi nhảy ra xa cả mấy mét, quay lại mới nhận ra cô gái đeo kinh đang nhìn hắn cười.\r\n\r\n- Ê, tôi nghĩ là chúng ta nên tự giới thiệu chứ nhỉ, sắp sửa cùng vào sống ra chết rồi - Cô gái đeo kính cười cười nói.\r\n\r\nBa người đàn ông nhất tề hết ý kiến, cô gái đeo kính tự giới thiệu:\r\n\r\n- Tôi tên là Chiêm Lam, chiêm của Chiêm Thiên Hữu ( Nhân vật trong Khu tà Diệt Ma), Lam của San phong vi lam ( màu xanh của núi), hi hi, nghe như tên con trai ấy nhỉ, tôi là nhà văn, đang buồn phiền vì không có linh cảm và dục vọng sáng tác thì đến cái thế giới tràn ngập linh cảm này.. có vẻ như báo ứng hay sao ấy.\r\n\r\nTrịnh Xá cười thân thiện:\r\n\r\n- Tôi là Trịnh Xá, Trịnh của Trịnh Thành Công ( Đài Loan Diên Bình Quận Vương), xá của Na Xá ( Việt Nam hay gọi là Na Tra), trước đây là Chánh văn phòng của công ty, trước khi đến đây luôn oán trách cuộc sống quá bình đạm, tạo cảm giác như thôi rữa dần đi, muốn tìm thứ kích, nhưng có vẻ ở đây thứ kích hơi bị quá đáng. TruyệnFULL.vn - https://.vn\r\n\r\nChiêm Lam cười hi hi bắt tay Trịnh Xá nói:\r\n\r\n- Tri âm, tôi cũng nghĩ thế đó nha.\r\n\r\nNgười đàn ông trung niên hiền lành nói:\r\n\r\n- Mưu Cương, Mưu của mưu, Cương của cương, thôi, không so sánh với mấy người có văn hóa, tôi là lái xe đường dài, đang buồn chán vợ dữ con hư, cùng bạn bè lên mạng chơi game thì đến đây.\r\n\r\nCuối cùng, anh chàng mờ nhạt lên tiếng:\r\n\r\n- Lý Tiêu Nghị, học sinh lớp 12 ( theo hệ thống Trung Quốc là Cao trung năm thứ ba, gọi tắt cao tam), lúc trước oán trách nhiều điều, nhưng đến đây có vẻ không tồi chút nào, như Trương Kiệt nói thì chỉ cần không chết sẽ trở thành siêu nhân, khi trở về vẫn giữ được sức mạnh, ở trường học em hay bị bắt nạt, nếu về được em sẽ giết hết mấy thằng khốn nạn đó.\r\n\r\nTrên mặt Lý Tiêu Nghị hiện ra nét nanh ác, ba người còn lại nhìn nhau, họ hiểu rằng người thanh niên nhất định bị bắt nạt rất dữ ở trường, khiến cho cậu ta thất vong tột đỉnh với xã hội, điểm chung của tất cả bọn họ.\r\n\r\nĐúng lúc ấy, Trương Kiệt và một lính đanh thuê đi ngang qua mấy người, Trương Kiệt tiện tay vỗ vào mông Chiêm Lam một cái rất kêu, cô nàng bị bất ngờ, ré lên một tiếng. Trương Kiệt cười hà hà đi về phía Matt.\r\n\r\n- Sếp, chúng tôi tìm được một con đường khác để đến phòng điều khiển, nhưng hơi mất thời gian - Frank nói - Chúng ta đi về đây, thông qua phòng ăn B, từ đó đi thẳng đến nơi, nhưng sẽ mất gấp đôi thời gian.\r\n\r\nĐúng lúc đó, hai người dò đường còn lại cũng quay về, Ryan báo cáo:\r\n\r\n- Hướng này không đi được nữa, cả tầng bị ngập hết rồi thưa sếp.\r\n\r\n- Được rồi, chúng ta đi theo đường thứ hai, không còn nhiều thời gian, mọi người nhanh chân lên.\r\n\r\nBất đắc dĩ, đám người Trịnh Xá chỉ đành đi theo mọi người, lần này cũng may là không phải chạy, không bao lâu, đến trước một cánh cửa sắt, lính đánh thuê thành thục giải mã, để hiện ra một căn phòng với những thùng pha lê bên trong. Những thùng pha lê có thể tích chừng vài mét khối, bên trong tỏa ra hơi lạnh âm ám, chỉ cần xem qua bộ phim mọi người đều rõ trong những thùng này nuôi dưỡng Licker dưới trạng thái đông cứng. Khi máy tính bị tắt, chúng sẽ trở thành những con quái vật có uy lực gấp hàng trăm lần zombie.\r\n\r\nMột lính đánh thuê lên tiếng:\r\n\r\n- Đây là phòng ăn B, trên bản đồ đánh dấu thế.\r\n\r\nAnderson tiến lại gần xem bản đồ, Mad khẽ thì thầm:\r\n\r\n- Ở đây nhất định có bí mật mà công ty không muốn cho người ngoài biết.\r\n\r\n\r\nMatt chỉ liếc nhìn, rồi nói với người bên cạnh:\r\n\r\n- Ryan, J-D, Trương Kiệt ở lại đây canh tù nhân, giữ lấy cửa ra, số còn lại đi theo tôi.\r\n\r\nĐúng lúc này, lính y tá nói:\r\n\r\n- Sếp, chỗ này không bị phóng khí độc, trị độc tố bằng không, có lẽ hệ thống phòng ngự chỗ này mất không chế.\r\n\r\nMatt gật đầu ra lệnh:\r\n\r\n- Tốt, J-D, Ryan, Trương Kiệt, ở đây có khả năng còn người sống sót, kiểm tra xem, nhưng chú ý canh phạm nhân và giữ lối ra.\r\n\r\nBa người đều gật đầu, riêng Trương Kiệt chỉ nhếch mép cười, rút thuốc lá ra châm, ai xem phim chẳng biết người sống sót ở đây không có mống nào, zombie thì vô số. Chiêm Lam đến bên Trương Kiệt hỏi nhỏ:\r\n\r\n- Tôi muốn biết một việc, liệu chúng ta có thể thay đổi diễn biến cốt truyện được không?\r\n\r\nTrương Kiệt gật đầu:\r\n\r\n- Tiếp tục, còn muốn biết gì nữa.\r\n\r\nChiêm Lam cười lanh lảnh như tiếng bạc va vào nhau:\r\n\r\n- Chúng ta có thể dùng thuốc nổ dẻo, giết hết đám Licker ở đây, có thể kiếm được vài nghìn điẻm thưởng đó nha.\r\n\r\nTrương Kiệt phá ra cười:\r\n\r\n- Nói không sai, giết hết đám Licker này có thể kiếm được vài nghìn điểm, nhưng tôi có hai câu hỏi cô. Một là họ có cho chúng ta thời gian đặt thuốc nổ không?\r\n\r\nTrương Kiệt chỉ về phía lính đánh thuê, nói tiếp:\r\n\r\n- Họ không biết bên trong là cái gì, không biết khi tắt máy tính sẽ xảy ra hậu quả gì, thấy chúng ta làm những việc mà họ không hiểu, khả năng lớn nhất là họ sẽ nổ súng giết chúng ta trước, kết quả là có khả năng thả Licker ra sớm, chủ thần tuyệt không để yên cho chúng ta thay đổi diễn biến, nó có thể khiến cho nhiều bất ngờ xảy ra hay độ khó tăng lên, đã biết chưa hả?\r\n\r\nSau khi tự trả lời câu hỏi của mình, Trương Kiệt lại tiếp:\r\n\r\n- Vấn đề thứ hai, theo cô em, chúng ta dựa vào cái quái gì để sống sót trong những bộ phim kinh dị?\r\n\r\nChiêm Lam ngẩn ra, vuốt vuốt trán, lẩm bẩm:\r\n\r\n- Sức mạnh, không phải, may mắn, không phải, có lẽ là biết rõ diễn biến cốt truyện.\r\n\r\nTrương Kiệt cười nói:\r\n\r\n- Chính xác, đáp đúng, vì thế trước khi chắc chắn về hậu quả, tôi sẽ không thay đổi diễn biến, nếu có ai đó tự tư biến đổi khiến mọi người nguy hiểm, tôi sẽ không ngần ngại đưa hắn xuống địa ngục.\r\n\r\n\r\nVừa nói Trương Kiệt vừa dùng một ánh mắt cực kỳ khó chịu nhìn Trịnh Xá đang đứng bên cạnh, cách nhìn đầy thương hại, giống như nhìn một người chết.\r\n\r\nVừa lúc Matt lên tiếng:- Được rồi, mọi người đi theo tôi, bắt đầu hành động.\r\n\r\nTrương Kiệt đi cùng đoàn, ngó nghiêng hai bên ra vẻ tìm gì đó, đám lính đánh thuê không ai nói gì, chỉ có đám Trịnh Xá biết rằng do Trương Kiệt không thể rời xa Matt 100 m nên đi theo.\r\n\r\nTrên đường mọi người đi qua vài cánh cửa, có cả phòng điều khiển, nhưng hiện Red Queen đã mất kiểm soát, phòng điều khiển trở nên hoàn toàn vô dụng.\r\n\r\nTrong số lính đánh thuê, Frank là người tinh thông máy tính nhất, anh chàng mở ra ba cái laptop, kết nối vào cánh cửa phòng máy chủ đang đóng kín. Theo con mắt của Trịnh Xá, Frank tuyệt đối là cao thủ máy tính, mười ngón tay liên tục gõ lách cách trên bàn phím, tìm cách phá giải mật mã. Một nữ dung binh sốt ruột hỏi:\r\n\r\n- Sao mà lâu thế?\r\n\r\nFrank không thèm quay đầu lại đáp:\r\n\r\n- Red Queen có một hệ thóng phòng ngự rất hoàn chỉnh, nếu dễ phá giải thì đã không ai dùng nó làm máy tính trung tâm rồi.\r\n\r\nNgay lúc ấy, cánh cửa từ từ mở ra, Matt gật đầu nói - Thu thập đồ đạc đi- quay lại phía Trịnh Xá mấy người, nói tiếp- Mấy người ở lại đây.\r\n\r\nĐằng sau cánh cửa lớn là một hành lang dài khoảng mười mấy mét, hai bên tường đều là pha lê, hoàn toàn không giống với hai cánh cửa thép hai đầu. Matt Anderson rón rén cẩn thận đi vào hành lang, dù đã nhón chân đi rất khẽ, nhưng khi hai bên hành lang sáng bừng lên Matt vẫn giật mình, cảm giác đột ngột ấy nếu là người thường chân tay hẳn đã nhũn ra. Frank gọi với vào:\r\n\r\n- An tâm, chỉ là đèn cảm ứng tự động thôi, không có gì.\r\n\r\n( Rõ ràng là hệ thống phòng ngự, đèn tự động cảm ứng cái con khỉ) Trịnh Xá nghĩ thầm trong bụng, vừa muốn há mồm ra nói thì bị một bàn tay nhỏ nhắn giữ lại, Chiêm Lam không biết từ lúc nào đã đến, nắm lấy tay hắn lắc đầu. Matt lúc đó đã lắp đặt xong hệ thống điều khiển từ xa, có hình dạng như chiếc máy điện thoại di động, chỉ cần gắn vào màn hình cảm ứng. Frank đánh vài lệnh vào máy tính, một tiếng động khẽ vang lên, cánh cửa thông vào phòng máy chủ từ từ mở ra. Matt Anderson thở phào, từ trong hành lang gọi với ra:\r\n\r\n- Được rồi, mang cái đó vào đây.\r\n\r\n- Cái đó là cái gì, để làm gì vậy? - Alice tự nhiên hỏi.\r\n\r\n- Hệ thống máy dùng để tắt Red Queen, nó có thể phát ra từ trường cực mạnh khiến máy tính hỗn loạn, tự động reset - Frank ở gần nhất trả lời.\r\n\r\nLúc bấy giờ người dung binh mang theo thiết bị đã tiến vào hành lang, Trịnh Xá không nhịn được kêu lên:\r\n\r\n- Khoan đã, các người không cảm thấy lại sao, hệ thông máy tính này có vẻ vô dụng quá, nó có thể để các người dễ dàng reset vậy sao, cái hành lang này nhất định có cái gì đó không bình thường.\r\n\r\nĐám lính đánh thuê đều dừng lại, nhìn trước hắn với một vẻ kỳ quái, Chiêm Lam thở dài, buông tay Trịnh Xá ra, tránh sang một bên đứng cùng Alice. Matt từ hành lang đi ra, lặng lẽ nhìn Trịnh Xá, một lúc lâu sau mới chỉ Trịnh Xá và Mưu Cương nói:\r\n\r\n- Vậy được, các người đi cùng chúng tôi.\r\n\r\nTrịnh Xá và Mưu Cương đồng thời thấy tay chân lạnh ngắt, ai xem phim cũng biết cái hành lang này là một cái bẫy chết người. Ngay cả đội trưởng lính đánh thuê có thân thủ cực tốt cũng chết trong đó, chết rất thảm, bị tia laser xắt thành từng miếng nhỏ. Bây giờ Trịnh Xá đã hiểu tại sao Trương Kiệt lại nhìn hắn với ánh mắt đó, đúng là hắn đã không nhịn được muốn thay đổi diễn biến, chủ thần đã không khoanh tay, nâng cao độ khó như bây giờ lôi hắn vào hành lang tử thần này.\r\n\r\nMưu Cương đột nhiên ôm đầu gào lên: - Tôi không muốn chết- quay người bỏ chạy ngược lại, Trịnh Xá còn chưa kịp hồi lại, đám lính đánh thuê đã nhất tề quay sung bắn Mưu Cương thành một cái rổ đẫm máu, ngã vật xuống chết tại chỗ. Ọe một tiếng, Trịnh Xá và Lý Tiêu Nghị cùng lúc nôn ọe ra, một mạng người bị giết tàn nhẫn ngay trước mắt có cảm giác thật khó chịu, nhất là Trịnh Xá, Mưu Cương có thể nói là chết vì tính đa sự của hắn. Matt Anderson lạnh lẽo nhìn Trịnh Xá nói:\r\n\r\n- Ngay từ đầu tôi đã nghi ngờ các người, các người tuy đăng ký trong danh sách nhưng lại không giống bảo vệ chút nào, được rồi, Trịnh Xá đi cùng chúng tôi vào.\r\n\r\nToàn thân Trịnh Xá như nhúng trong nước đá, vừa nôn xong, cảm giác khó chịu trong bụng chưa tan hết, Matt đã tóm lấy hắn, cùng các dung binh khác tiến vào hành lang.\r\n\r\nMọi người vừa tiến vào hành lang, lập tức giống như trong phim, hai đầu hành lang đóng lại. Lính đánh thuê lập tức cảnh giác chĩa súng ra xung quanh, Matt buông Trịnh Xá ra, gọi qua máy bộ đàm:\r\n\r\n- Frank, chuyện quái gì thế?\r\n\r\n- Một dạng bố trí phòng ngự bị động, một khi có quá nhiều người đi vào, nó sẽ tự động phong bế hai đầu - Frank gấp gáp nói.\r\n\r\n- Vô hiệu hóa nó đi.\r\n\r\n- Tôi đang cố đây - Frank toát hết mồ hôi lắp bắp trả lời\r\n\r\n\r\nMatt Anderson bất dắc dĩ nói với thủ hạ:\r\n\r\n- Đứng nguyên tại chỗ, không đông đậy.\r\n\r\nTrịnh Xá nghe câu ấy xong lạnh ngắt hết người, hắn biết rằng kịch tình sắp bắn đầu và hắn là một trong số những kẻ tham gia, và đúng thế, đèn hai bên tường chợt mờ đi giữa hai bức tường chợt hình thành một tuyến ánh sáng, vụt hướng về phía đám lính đánh thuê và Trịnh Xá. Matt phản ứng nhanh nhất, kéo hai người bên cạnh phục xuống, Trịnh Xá do chú ý nên ngay khi xuất hiện tia sáng đã nhào xuống, luồng laser chỉ cắt sát vai hắn nóng rực, đầu óc hắn trở nên rỗng không.\r\n\r\n- Y tá, y tá-Tiếng Matt gọi ầm ỹ kéo Trịnh Xá khỏi tình trạng thất thần, quay đầu nhìn lại, cái đầu của người nữ dung binh y tá đang từ từ di động, rơi bịch xuống và lăn đến bên chân hắn, đôi mắt trợn trừng vừa như nguyền rủa, vừa như trào phúng.\r\n\r\n- Không... tôi không muốn chết..- Trinh xá bắt đầu gào hét điên cuồng, nhưng lạ là hắn càng gào hét càng bình tĩnh, bắt đầu nhớ lại từng chi tiết trên phim về đoạn hành lang tử vong này. Matt dìu một người lính đánh thuê bị tia sáng cắt cụt tay, vừa lúc ấy người còn lại kêu lên:\r\n\r\n- Sếp, lại đến nữa rồi!\r\n\r\nTrịnh Xá nhớ rằng lần này tia sang bắt đầu từ ngang ống chân, sau khi cắt qua người thứ nhất sẽ vọt lên, phân thây người thứ hai. Hắn không biết liệu diễn biến có thay đổi gì không, hắn chỉ đành chọn việc tin vào trí nhớ. Hắn chỉ có quyền chọn một lần, chọn sai sẽ lập tức chết.\r\n\r\nTia sáng bắt đầu hướng bốn người tiến tới, người dung binh thứ nhất nằm trên mặt đất không cựa quạy được lập tức bị giết, hai người còn lại lùi dần về phía Trịnh Xá. Hắn trợn trừng mắt nhìn từng cử động của hai người, đột nhiên mọi thứ xảy ra trở nên vô cùng chậm chạp.\r\n\r\n- Đột phá giới hạn tinh thần, thưởng 500 điểm, tinh thần lực tăng 20 điểm, phản ứng thần kinh tăng ba mươi điểm.\r\n\r\nMột giọng nói băng lãnh, vô cảm tình nhưng trang nghiêm vang lên bên tai Trịnh Xá, có điều hắn hoàn toàn không nghe thấy gì hết, hắn chỉ nhìn chằm chặp vào người dung binh, đúng lúc người dung binh nhảy lên thì hắn nằm phục xuống, luồng ánh sáng lướt qua phía trên sáng rực như một lưỡi hái tử thần, vào giây phút ấy, Trịnh Xá tin lời của Trương Kiệt, bọn họ không chỉ có tinh thần tiến vào trò chơi này, trò chơi này là của các vị thần hoặc ác ma, ở đây, họ sẽ chết thật sự.\r\n\r\nĐúng lúc tia sáng vọt lên đã phân thây người dung binh, Trịnh Xá bật dậy, hắn nhìn lại và thấy trên ô cửa kính của cánh cửa sắt khuôn mặt đẫm nước mắt của Chiêm Lam. Hắn chỉ kịp hơi nhếch mép cười rrooif tóm lấy Matt, ép chặt vào khung cửa. Hắn chỉ còn hy vong diễn biến không thay đổi, tia sáng sau khi hóa thành lưới sẽ xé xác bất kỳ ai, không có cách nào tránh né, chỉ khí áp sát cánh cửa, hy vọng đến phút cuối tia sáng sẽ bị Frank tắt đi. Matt dẫy dụa dữ dội, gào lên:\r\n\r\n- Buông tôi ra, nếu không chúng ta sẽ bị cắt làm đôi, buông tôi ra.\r\n\r\nTrịnh Xá tóm chặt áo Matt kêu lên:\r\n\r\n- Tin tôi đi, lần này không tránh né được đâu, chỉ có áp sát vào đây cầu may thôi. Tin tôi đi!\r\n\r\nLuồng sáng thứ ba hình thành, tấn tốc tiến về phía hai người, theo vị trí có thể đoán được lần này nó sẽ chém ngang thắt lưng, Matt giãy giụa muốn nằm xuống, Trịnh Xá lại tóm chặt lấy áo Matt, hai mắt nhắm nghiền, lẩm bẩm:\r\n\r\n- Sống sót! Phải sống còn, dù thế nào tôi cũng muốn tiếp tục sống.\r\n\r\nCó lẽ là các vị thần mở mắt, cũng có lẽ là lời cầu khẩn của Trịnh Xá linh nghiệm, luồng sáng đến gần hai người hóa thành tấm lưới, Matt chỉ kêu lên được một tiêng..Mẹ.. thì ngay lúc ấy, cách hai người vài milimetre, tấm lưới mờ dần rồi tan ra, một luồng hơi nóng phả vào mặt hai người, giây phút ấy cả hai không ai dám tin mình còn sống.\r\n\r\nTrịnh Xá mở mắt ra, hắn không nhìn thấy tấm lưới laser tan biến, nhưng hắn biết rằng mình đã thành công, mọi diễn ra đúng như trong phim, cuối cùng hắn đã thoát khỏi tay tử thần. Suốt hai mươi mấy năm sống, chưa bao giờ hắn tiếp cận cái chết đến vậy, tử vong vừa đi sát qua bên cạnh hắn.\r\n\r\n- Cái gì thế này?\r\n\r\nTrịnh Xá vừa tự khánh hạnh vận may của mình thì đột nhiên từ người Matt xuất hiện một quả cầu trắng bạc, bay tới rồi hòa tan vào tay của hắn, tạo nên cảm giác cực kỳ dễ chịu.\r\n\r\n- Hoàn thành chi tiết cấp B, thưởng 5000 điểm.\r\n\r\nGiọng nói đều đều trang nghiêm lại vang lên, lúc này Trịnh Xá mới nhớ lại vừa rồi mình được thưởng 500 điẻm, tinh thần lực 20, phản xạ thần kinh 30, tính ra tổng cộng cỡ 1000 điểm, bằng điểm thưởng cơ bản rồi. Lần này lại được thưởng 5000 điểm giống như một món quà trên trời rơi xuống, khiến hắn ngơ ngẩn, không biết vì sống sót hay được thưởng, khi cánh cửa mở ra, hắn vẫn còn thẫn thờ ở đó.\r\n\r\nLý Tiêu Nghĩ hướng về phía hắn vừa vỗ mạnh vừa kêu lên:\r\n\r\n- Đại ca giỏi quá, tình huống như thế mà cũng sống sót được.\r\n\r\nTrịnh Xá bị vỗ nên tỉnh lại, hắn cười khổ lắc đầu, không biết nên nói gì nữa, trải qua sống chết, với một người trong xã hội bình thường kích thích quá lớn.\r\n\r\nChiêm Lam cũng tiến qua nói:\r\n\r\n- Đáng đời, người ta đã nói đi nói lại đừng tìm cách thay đổi chi tiết phim mà không nghe, lúc trước Trương Kiệt nói không sai, không phải lúc nào cũng gặp may được đâu, nếu không thông thuộc cốt truyện thì rất nguy hiểm, chúng ta đều không muốn chết ở đây.\r\n\r\nTrịnh Xá lắc đầu, không biết có nên nói ra phần thưởng không, Chi tiết cấp B nghĩa là gì, là do thay đổi cốt truyện, cứu người đáng ra đã chết hay trải qua một tình huống nguy hiểm. Hắn không biết, vừa rồi quả thật quá nguy hiểm, chút nữa hắn đã chết, Mưu Cương cũng do hắn hại chết, nếu còn tiếp tục thay đổi cốt truyện, có khả năng tất cả đều chết ở đây, cả hắn, cả Chiêm, Lý lẫn các nhân vật trong phim đều sẽ chết. Trong những bộ phim kinh dị này, không ai an toàn cả, tất cả bọn họ chỉ là những con sâu đáng thương giãy giụa cầu sống mà thôi.', 2),
(5, 'Quyển 1 - Chương 3:', 'Melissa', 'Dịch giả: nh0ckd255\r\n\r\nXác định kế hoạch, Chu Minh Thụy lập tức cảm thấy kiên định. Sợ hãi, bối rối và bất an đã bị dẹp vào một xó.\r\n\r\nCho tới lúc này, hắn mới có tâm tư xem xét kỹ những mảnh vỡ ký ức mà Klein để lại.\r\n\r\nChu Minh Thuỵ đứng dậy theo thói quen, khoá van ống dẫn lại. Nhìn đèn treo tường từ từ tối đi rồi tắt phụp, hắn mới ngồi xuống, vừa vô ý thức vuốt ve ổ xoay làm từ đồng thau của khẩu súng vừa giơ tay đè lên thái dương, lẳng lặng \"hồi tưởng\" trong bóng tối bị nhuộm màu ửng đỏ hệt như một khán giả đang tập trung nhất trong rạp chiếu phim.\r\n\r\nCó lẽ là bị ảnh hưởng từ viên đạn nên ký ức của Klein như mảnh thuỷ tinh vỡ vụn, không chỉ mất tính kết nối mà nhiều ký ức còn bị thiếu. Ví dụ như khẩu súng ổ xoay được chế tác tinh xảo này tới từ đâu? Là tự sát hay bị giết? Câu \"Tất cả mọi người sẽ chết, kể cả ta\" trên trang bút ký kia rốt cuộc có ý gì? Hai ngày trước khi xảy ra chuyện liệu có tham dự chuyện gì kỳ quái không?\r\n\r\nKhông chỉ những ký ức cụ thể này đã vỡ thành mảnh nhỏ, bị khuyết thiếu, mà cho dù có biết nhiều tri thức như vậy thì với trạng thái hiện tại, Chu Minh Thuỵ tin rằng nếu Klein quay về đại học, sợ rằng sẽ không thể tốt nghiệp được. Cho dù thực tế là hắn mới tốt nghiệp được vài ngày, vả lại bản thân cũng không hề lơ là.\r\n\r\n“Hai ngày sau phải tham gia phỏng vấn vào hệ lịch sử của đại học Tingen... Các trường đại học ở vương quốc Ruen này không có truyền thống giữ sinh viên đã tốt nghiệp ở lại làm giảng viên... Giáo sư sẽ cho một thư đề cử tới đại học Tingen và một lá khác cho đại học Backlund...”\r\n\r\n...\r\n\r\nTrong khi Chu Minh Thuỵ lặng lẽ \"quan sát\", mặt trăng đỏ bên ngoài cửa sổ dần di chuyển về phía tây, rồi lặn xuống. Cho tới khi ánh sáng xuất hiện từ phía đông, một màu vàng nhiễm sáng đường chân trời.\r\n\r\nLúc này, có tiếng động vang lên từ căn phòng bên cạnh. Rồi tiếng bước chân nhanh chóng tới gần cửa.\r\n\r\n“Melissa dậy rồi... Con bé đúng là luôn luôn đúng giờ.” Chu Minh Thuỵ mỉm cười. Bị ảnh hưởng từ ký ức của Klein nên hắn cảm thấy Melissa là em gái ruột của mình.\r\n\r\nNhưng mà mình làm gì có em gái... Hắn tự giễu mình một câu.\r\n\r\nMelissa không giống Benson và Klein, con bé không hoàn thành chương trình vỡ lòng ở trường Chủ Nhật của giáo hội nữ thần Đêm Tối. Lúc con bé đến tuổi đi học, vương quốc Ruen ban hành \"Phương pháp giáo dục tiểu học\", thành lập uỷ ban giáo dục cấp thấp, chuyên cung cấp ngân sách, tăng vốn đầu tư.\r\n\r\n\r\nNhưng ba năm đã qua, với tiền đề là hợp nhất không ít trường học của giáo hội, phần lớn trường công lập sơ cấp đã được thành lập, giữ vững nguyên tắc trung lập về tôn giáo, không dính líu tới sự phân tranh của ba giáo hội của chúa tể Bão Táp, nữ thần Đêm Tối và thần Hơi Nước và Máy Móc.\r\n\r\nSo với trường học Chủ Nhật chỉ mất một penny cho một tuần, học phí ba penny cho một tuần của trường học công lập sơ cấp có vẻ đắt. Nhưng ở trường Chủ Nhật thì một tuần chỉ học vào một ngày Chủ nhật duy nhất, còn trường công lập thì học sinh sẽ đi học sáu ngày trong tuần. Tính ra thì học phí thấp tới mức gần như là miễn phí.\r\n\r\nMelissa khác với đám con gái khác, từ khi còn nhỏ con bé đã thích bánh răng, dây cót, ổ trục linh tinh. Con bé lập chí trở thành một kỹ sư máy hơi nước.\r\n\r\nBản thân đã trải qua vất vả do học không đủ, lại hiểu được tầm quan trọng của giáo dục, Benson ủng hộ giấc mơ của cô em gái hệt như việc anh ủng hộ Klein học đại học. Dù sao trường kỹ thuật Tingen chỉ được coi là giáo dục trung cấp, không phải cần phải tới trường học văn pháp hoặc trường công để tích luỹ nữa.\r\n\r\nTháng Bảy năm ngoái, lúc đó Melissa mười lăm tuổi, con bé đã thi đỗ kỳ thi đầu vào, trở thành một thành viên khoa Máy Hơi Nước và Cơ Khí của trường kỹ thuật Tingen. Học phí mỗi tuần cũng tăng lên tới chín penny.\r\n\r\nMà cùng lúc đó, công ty xuất nhập khẩu nơi Benson làm việc bị ảnh hưởng bởi thời cuộc ở phía lục địa Nam nên cho dù là lợi nhuận hay lượng công việc đều sụt giảm nghiêm trọng, không thể không cắt giảm đi một phần ba biên chế. Vì giữ việc, vì duy trì sinh kế, Benson đành phải nhận những công việc nặng nề hơn, phải thường xuyên tăng ca hoặc đi công tác ở những nơi có điều kiện tồi tàn. Giống như mấy ngày nay vậy.\r\n\r\nKhông phải là Klein không muốn đỡ đần cho anh trai mình, nhưng vốn thuộc tầng lớp bình dân nên khi thi vào từ một trường ngữ pháp bình thường lên đại học, hắn cảm thấy rất rõ sự thiếu sót của bản thân. Ví dụ như tiếng Fusark cổ, thứ ngôn ngữ cội nguồn của toàn bộ các quốc gia ở lục địa Bắc, với con cháu nhà quý tộc và đám học sinh nhà có tiền thì đó là những gì phải học từ bé, còn hắn phải tới khi lên đại học mới được tiếp xúc.\r\n\r\nNhững chuyện tương tự còn rất nhiều. Klein gần như bỏ hết sức lực, thường xuyên thức từ đêm tới sáng mới tạm coi là đuổi kịp kẻ khác, lấy thành tích trung bình mà tốt nghiệp.\r\n\r\nNhững ký ức liên qua tới anh trai và em gái toát lên trong đầu Chu Minh Thụy. Mãi đến khi tay nắm cửa chuyển động, cửa được mở ra, vang lên một tiếng kẹt, hắn mới tỉnh táo lại, nhớ ra rằng mình đang cầm một chiếc súng ổ xoay trong tay.\r\n\r\nĐây chính là vật phẩm bị bán quản chế!\r\n\r\nSẽ khiến trẻ con sợ!\r\n\r\nCòn cả miệng vết thương trên đầu mình nữa!\r\n\r\n\r\nThấy Melissa sắp đi ra, Chu Minh Thụy vừa tay đè huyệt thái dương, vừa cuống quít kéo ngăn bàn rồi quăng khẩu súng vào trong, vang lên một tiếng cộp.\r\n\r\n“Gì thế?” Nghe được tiếng động, Melissa quay sang nhìn, ánh mắt nghi hoặc.\r\n\r\nCon bé đang ở độ tuổi tươi trẻ nhất của cuộc đời, cho dù không được ăn ngon khiến khuôn mặt hơi gầy gò và yếu ớt, nhưng làn da vẫn sáng mịn toát ra hơi thở của thiếu nữ.\r\n\r\nThấy cô em gái đang nhìn với ánh mắt dò xét, Chu Minh Thụy vờ trấn tĩnh, cầm lấy thứ ở gần tay mình nhất rồi thong dong đóng ngăn kéo lại để che đi sự tồn tại của khẩu súng kia, tay khác thì ấn lên huyệt thái dương. Cảm giác từ đầu ngón tay cho hắn biết miệng vết thương đã khép lại!\r\n\r\nHắn lấy một chiếu đồng hồ bỏ túi mà trắng bạc với hoa văn cành lá từ trong ngăn kéo, ấn nhẹ một cái phần chóp là phần nắp sẽ mở ra.\r\n\r\nChiếc đồng hồ này là kỷ vật đáng giá nhất trong số những gì mà người cha thượng sĩ lục quân hoàng gia để lại cho ba anh em, nhưng dù sao cũng là vật đã qua sử dụng nên mấy năm nay thường hay trục trặc. Cho dù đã tìm thợ đồng hồ sửa nhưng nó vẫn thế, điều này khiến Benson vốn thích mang nó theo để nâng thân phận mình lên liên tục bị xấu hổ, nên mới vứt nó ở nhà.\r\n\r\nKhông thể không nói, Melissa quả thực có thiên phú về phương diện máy móc. Sau khi học được lý thuyết xong, con bé bắt đầu mượn dùng các công cụ của trường học về nghịch chiếc đồng hồ bỏ túi này, gần đây còn tuyên bố là đã sửa được nó!\r\n\r\nChu Minh Thụy nhìn nắp đồng hồ bật lên, nhìn kim giây tạm ngừng, theo bản năng hắn xoay phần chóp định lên cót cho đồng hồ.\r\n\r\nNhưng hắn vặn vài vòng mà chẳng thấy tiếng dây cót kêu lên, kim giây vẫn ở nguyên chỗ cũ.\r\n\r\n“Hình như lại hỏng rồi.” Hắn nhìn sang phía em gái.\r\n\r\nMelissa nhìn hắn với vẻ mặt vô cảm, bước tới gần rồi cầm lấy đồng hồ.\r\n\r\nCon bé đứng im tại chỗ, đầu tiên là rút phần chóp của đồng hồ lên, rồi vặn vài vòng, thế là tiếng kim giây chuyển động tạch tạch vang lên.\r\n\r\n\r\nBình thường thì rút lên đâu phải để điều chỉnh thời gian... Chu Minh Thụy lập tức đờ mặt ra.\r\n\r\nCùng lúc đó, tiếng chuông truyền tới từ nhà thờ xa xa, liên tiếp sáu hồi, xa xăm và kỳ ảo.\r\n\r\nMelissa vểnh tai nghe, sau đó lại kéo phần chóp lên một đoạn rồi tiếp tục vặn điều chỉnh thời gian.\r\n\r\n“Được rồi.” Con bé nói một câu cụt lủn và không cảm xúc, sau đó ấn phần chóp của chiếc đồng hồ xuống và trả lại cho Chu Minh Thuỵ.\r\n\r\nChu Minh Thụy cười lại với con bé một nụ cười xấu hổ mà không mất lễ phép.\r\n\r\nMelissa nhìn ông anh trai của mình một cái thật kỹ, rồi quay người đi tới chỗ tủ quầy, lấy bàn chải và khăn mặt, sau đó mở cửa đi tới phòng tắm chung.\r\n\r\n“Vẻ mặt vừa rồi của con bé sao cứ như kiểu ghét bỏ mà không thể làm gì được nhỉ. Ánh mắt kia là thương hại ông anh đầu óc có vấn đề?” Chu Minh Thụy lắc đầu, khẽ cười, sau đó đóng nắp đồng hồ lại, rồi lại ấn cho nó mở ra, vang lên những tiếng cạch cạch.\r\n\r\nCứ lặp đi lặp lại hành động đó, tư duy của hắn bắt đầu chuyển tới một vấn đề.\r\n\r\nTrong tình huống không có ống giảm thanh, Klein tự sát, tạm thời coi là tự sát đi, động tĩnh sẽ không hề nhỏ, mà Melissa chỉ ở cách một bức tường lại không hề phát hiện.\r\n\r\nLà con bé ngủ quá say? Hay là bản thân chuyện Klein tự sát hoàn toàn kỳ dị?\r\n\r\nCạch, mở ra, cạch, đóng lại... Melissa rửa mặt xong quay lại thì thấy ông anh mình đang không ngừng làm cái động tác không có chủ đích là đóng mở nắp đồng hồ bỏ túi.\r\n\r\nÁnh mắt con bé lại nhiễm sự bất đắc dĩ, con bé cất tiếng nói ngọt ngào: “Klein, anh lấy hết số bánh mỳ còn lại ra đi. Hôm nay nhớ đi mua bánh mới, cả thịt và đậu Hà Lan nữa. Anh sắp tham gia phỏng vấn rồi, em sẽ hầm thịt dê đậu Hà Lan cho.”\r\n\r\nKhi nói, con bé kéo bếp lò từ trong góc ra, đốt số than còn lại, đun một bình nước ấm.\r\n\r\nTrước khi nước sắp sôi, con bé mở ngăn kéo ở dưới cùng của tủ bát, lấy ra một lon đựng lá trà hàng xấu nhất với động tác như mang bảo bối ra, đổ chừng mười lá vào trong bình nước, coi đó làm nước trà chân chính.\r\n\r\n\r\nRót nước trà ra hai chén lớn, Melissa và Chu Minh Thụy uống nước trà, chia sẻ hai bánh mì lúa mạch đen với nhau.\r\n\r\nKhông lẫn vụn gỗ, không quá nhiều trấu cám, nhưng vẫn không thể ăn được... Ngay lúc này cơ thể Chu Minh Thụy khá suy yếu, bụng đói khát, đành dựa vào nước trà mà vừa oán vừa cố nốc miếng bánh mì kia.\r\n\r\nVài phút sau, Melissa ăn xong. Con bé bó phần tóc rủ xuống ngực lại, nhìn Chu Minh Thụy và nói: “Nhớ mua bánh mì mới, chỉ tám pound thôi. Trời nóng mua nhiều về thì hỏng mất. Còn cả thịt dê và đậu Hà Lan nữa. Nhớ ấy!”\r\n\r\nQuả nhiên là thương ông anh mọt sách, có khi còn hơn... Chu Minh Thụy mỉm cười, gật đầu: “Ok.”\r\n\r\nVề một pound của vương quốc Ruen này, dựa theo trí nhớ của Klein, Chu Minh Thụy đối chiếu với trí nhớ của mình thì cho rằng nó gần bằng một cân mà hắn biết, cũng chính là 0,5 kg.\r\n\r\nMelissa không nói gì thêm, đứng dậy thu dọn, gói gém chiếc bánh mì còn lại kia làm bữa trưa, đội chiếc mũ lụa cũ mà mẹ để lại, cầm túi xách có đựng sách vở bút biếc mà con bé tự may chuẩn bị ra ngoài.\r\n\r\nHôm nay không phải Chủ nhật, con bé phải đi học cả ngày.\r\n\r\nĐi bộ từ nhà trọ này tới trường kỹ thuật Tingen mất chừng mười phút đồng hồ. Có xe ngựa công cộng, một penny cho một km, đi trong thành phố thì mất tối đa 4 penny, ngoại ô là 6 penny. Vì tiết kiệm nên Melissa luôn dậy sớm tự mình đi bộ.\r\n\r\nVừa mở cửa ra, con bé dừng lại, quay người nói: “Klein, anh đừng mua nhiều thịt dê với đậu Hà Lan. Có lẽ phải tới Chủ nhật Benson mới về được. Ừm, nhớ là chỉ cần tám pound bánh mì thôi đấy.”\r\n\r\n“Ok, ok.” Chu Minh Thụy trả lời đầy bất đắc dĩ. Cùng lúc đó, hắn thầm lẩm nhẩm từ \"Chủ Nhật\" mấy lần trong lòng.\r\n\r\nỞ lục địa Bắc, một năm cũng chia làm mười hai tháng, mỗi năm có 365 ngày, hoặc 366 ngày. Một tuần cũng chia làm bảy ngày.\r\n\r\nỞ Trái Đất thì đây chính là thành quả của thiên văn học, làm cho Chu Minh Thụy hoài nghi rằng nơi này là thế giới song song với Trái Đất. Việc phân chia thời gian ở nơi này là do tôn giáo. Bởi vì lục địa Bắc có bảy vị thần linh chính thống: Mặt Trời Vĩnh Hằng, chúa tể Bão Táp, thần Tri Thức và Trí Tuệ, thần Đêm Tối, mẫu thần Đất Đai, thần Chiến Tranh và thần Hơi Nước và Máy Móc.\r\n\r\nNhìn cô em gái đóng cửa đi học, Chu Minh Thụy chợt thở dài, rồi tập trung tinh thần vào nghi thức đổi vận.\r\n\r\nXin lỗi, anh thực sự muốn về nhà...', 1);

-- --------------------------------------------------------

--
-- Table structure for table `genre`
--

CREATE TABLE `genre` (
  `id` int(11) NOT NULL,
  `name` varchar(50) NOT NULL,
  `description` longtext NOT NULL
) ENGINE=InnoDB DEFAULT CHARSET=utf8mb4;

--
-- Dumping data for table `genre`
--

INSERT INTO `genre` (`id`, `name`, `description`) VALUES
(1, 'Dị Giới', 'Trong truyện có xuất hiện những thế giới kỳ dị, khác với thế giới chúng ta đang sinh sống.'),
(2, 'Huyền Huyễn', 'Truyện có những yếu tố huyền bí, khoa học khó giải thích.'),
(3, 'Khoa Huyễn', 'Những bộ truyện có yếu tố khoa học bí ẩn.'),
(4, 'Võng Du', 'Là thể loại truyện thuộc dạng khoa học viễn tượng, lấy bối cảnh thường là các game online trên mạng với công nghệ cao, hình ảnh chất lượng cao, kỹ xảo đồ sộ, mức chân thật cao, kỳ ảo, và tác giả của thể loại này thường rất giàu trí tưởng tượng');

-- --------------------------------------------------------

--
-- Table structure for table `novel`
--

CREATE TABLE `novel` (
  `id` int(11) NOT NULL,
  `name` varchar(200) NOT NULL,
  `description` text DEFAULT NULL,
  `author_id` int(50) DEFAULT NULL,
  `thumbnail` text DEFAULT NULL,
  `total_chapters` int(11) DEFAULT NULL,
  `novel_id` int(11) DEFAULT NULL
) ENGINE=InnoDB DEFAULT CHARSET=utf8mb4;

--
-- Dumping data for table `novel`
--

INSERT INTO `novel` (`id`, `name`, `description`, `author_id`, `thumbnail`, `total_chapters`, `novel_id`) VALUES
(1, 'Quỷ Bí Chi Chủ', 'Trong cơn thủy triều của hơi nước và máy móc, ai có thể chạm đến phi phàm? Trong màn sương mờ của lịch sử cùng hắc ám, là ai nói bên tai? Ta tỉnh lại từ trong quỷ bí, mở mắt trông thấy thế giới này: Súng ống, đại pháo, cự hạm, tàu bay, máy tính hiệu số; ma dược, xem bói, nguyền rủa, người treo ngược, vật phong ấn. . .\n\nÁnh sáng vẫn chiếu rọi như trước, thần bí chưa hề rời xa.\n\nĐây là một đoạn truyền thuyết về \"Ngu giả\".', 1, '', NULL, NULL),
(2, 'Vô Hạn Khủng Bố', '- Shakespeare từng nói: “To be or not to be, that\'s a question\" - Tồn tại hay không tồn tại ? Nếu như gặp câu hỏi: \"Muốn hiểu ý nghĩa của sinh mệnh ư? Muốn thật sự ... sống... không?\" Bạn sẽ làm như thế nào? Chọn Yes, và bạn sẽ sự hiểu ý nghĩa cuộc sống là như thế nào. \r\n\r\n- Trịnh Xá, nhân vật chính của bộ truyện, đã lạc vào 1 thế giới mới, có tên gọi là không gian chủ thần bởi lí do này. Chủ thần, cứ 10 ngày lại đưa Trịnh Xá và mọi người vào 1 bộ phim kinh dị, và họ phải hi sinh rất nhiều, đôi khi là sinh mạng của cả những đồng bọn để tiếp tục sống, vượt qua bộ phim đó. Trong thế gian này, không tồn tại cái ác, không tồn tại cái thiện, chỉ có sự tồn tại mà thôi. Trưởng thành dần qua từng cuộc chiến, Trịnh Xá đã mạnh mẽ hơn. Câu nói: \"Chúng ta có thể để đôi tay vấy bẩn chứ không thể để tâm hồn vấy bẩn\" của hắn thật khiến chúng ta rung dộng. \r\n\r\n- Cùng đồng đội với hắn là đủ các loại người: 1 nhà văn, 1 quân nhân, 1 lính đánh thuê, 1 sát thủ, và Sở Hiên, 1 người tạo ra từ một nghiên cứu của khoa học. Mỗi cuộc đời là 1 bi kịch, mà phải theo dõi thật kỹ càng, ta mới nhận thấy sự bế tắc đến tột cùng của họ. Nhưng chủ thần đã giúp họ mạnh mẽ hơn, để cuối cùng có thể tìm ra ý nghĩa thực sự của cuộc sống này. \r\n\r\n- Trong thế giới đó, họ sẽ làm gì? Buông xuôi, hay vượt lên số phận, giải mã chủ thần, để tìm ra ý nghĩa thực sự của cuộc sống, để thực sự làm chủ mọi thứ, kể cả Trái Đất này... Cứ theo dõi, bạn sẽ chìm đắm vào câu truyện này, để rồi một ngày nào đó, bạn sẽ mơ về một ngày gặp dòng chữ: - Muốn hiểu ý nghĩa của sinh mệnh ư? Muốn thật sự ... sống... không? \r\n\r\n- Nhận xét: Truyện Vô hạn khủng bố miêu tả tâm lí khá hay, chiến đấu khốc liệt đến tột đỉnh. Khốc liệt, tàn bạo, nhưng cũng đầy cảm xúc, đầy tính nhân văn. Những tập có đoàn chiến thì cực kỳ hấp dẫn. Đấu trí quyết liệt, tập 11 là một điển hình, đến nỗi mà ta tưởng như rằng mưu kế chỉ có như vậy là cùng, kế, kế trong kế, liên hoàn kế... Nhân vật \"gần\" chính là Sở Hiên, một người không có cảm xúc, nhưng lại là người mà tôi yêu thích nhất, bởi hắn kiên cường, quả cảm, và thông minh đến mức mà có kẻ địch của hắn đã phải thốt lên: Trí tuệ thật khủng khiếp, loại sinh vật áp đảo này, giống như không có tình cảm, băng lãnh vô cùng, đầy cảm giác áp bức... Giống như là thần... Đấy là một con người, một Trí Giả Siêu Cường: Sở Hiên. ', 2, '', NULL, NULL);

-- --------------------------------------------------------

--
-- Table structure for table `novel_genre`
--

CREATE TABLE `novel_genre` (
  `id` int(11) NOT NULL,
  `novel_id` int(11) NOT NULL,
  `genre_id` int(11) NOT NULL
) ENGINE=InnoDB DEFAULT CHARSET=utf8mb4;

--
-- Dumping data for table `novel_genre`
--

INSERT INTO `novel_genre` (`id`, `novel_id`, `genre_id`) VALUES
(3, 2, 3),
(4, 2, 4),
(8, 1, 1),
(9, 1, 2);

-- --------------------------------------------------------

--
-- Table structure for table `persistent_logins`
--

CREATE TABLE `persistent_logins` (
  `username` varchar(64) NOT NULL,
  `series` varchar(64) NOT NULL,
  `token` varchar(64) NOT NULL,
  `last_used` timestamp NOT NULL DEFAULT current_timestamp() ON UPDATE current_timestamp()
) ENGINE=InnoDB DEFAULT CHARSET=utf8mb4;

-- --------------------------------------------------------

--
-- Table structure for table `role`
--

CREATE TABLE `role` (
  `id` int(11) NOT NULL,
  `name` varchar(20) NOT NULL
) ENGINE=InnoDB DEFAULT CHARSET=utf8mb4;

--
-- Dumping data for table `role`
--

INSERT INTO `role` (`id`, `name`) VALUES
(1, 'Admin'),
(2, 'Uploader'),
(3, 'Member');

-- --------------------------------------------------------

--
-- Table structure for table `user`
--

CREATE TABLE `user` (
  `id` int(11) NOT NULL,
  `username` varchar(30) NOT NULL,
  `password` char(60) NOT NULL
) ENGINE=InnoDB DEFAULT CHARSET=utf8mb4;

--
-- Dumping data for table `user`
--

INSERT INTO `user` (`id`, `username`, `password`) VALUES
(10, 'test', '123'),
(55, 'member1', '$2a$10$yhEC5I5HjVHRghuJzv9dfOrA5vK97Ln/zbqviBtvUfWvNfv2nL4um'),
(56, 'member2', '$2a$10$WvGymeKnhZmcqeLLJwCy9uFzrnORJ42WUMbfgytXtDnzXTfbFjbQK'),
(57, 'member3', '$2a$10$PjqCVSkJgfoqeo/sma5uzO/AwzS3IpnDipmRjPf5gTPA/OqzPMm4C'),
(58, 'member4', '$2a$10$KWUMyOieuf/XZcA7aoxq7uCBmHZ/gsxmEUQ8E6gleiMJansvJzLQm'),
(59, 'member5', '$2a$10$h3E4Jy1Rltf3fAe3omTmyuqH/8bqWoFDHLwmLkNdJeh4ecnRWxsjS'),
(60, 'member6', '$2a$10$K/9UA5J95WoTQHWRMMr8IuOS..tg3tPNpQqF.oBKgcMYtFtcuS9dC');

-- --------------------------------------------------------

--
-- Table structure for table `user_novel`
--

CREATE TABLE `user_novel` (
  `id` int(11) NOT NULL,
  `user_id` int(11) NOT NULL,
  `novel_id` int(11) NOT NULL
) ENGINE=InnoDB DEFAULT CHARSET=utf8mb4;

--
-- Dumping data for table `user_novel`
--

INSERT INTO `user_novel` (`id`, `user_id`, `novel_id`) VALUES
(6, 55, 2),
(13, 55, 1);

-- --------------------------------------------------------

--
-- Table structure for table `user_role`
--

CREATE TABLE `user_role` (
  `id` int(11) NOT NULL,
  `user_id` int(11) NOT NULL,
  `role_id` int(11) NOT NULL
) ENGINE=InnoDB DEFAULT CHARSET=utf8mb4;

--
-- Dumping data for table `user_role`
--

INSERT INTO `user_role` (`id`, `user_id`, `role_id`) VALUES
(47, 55, 3),
(48, 56, 3),
(49, 57, 3),
(50, 58, 3),
(51, 59, 3);

--
-- Indexes for dumped tables
--

--
-- Indexes for table `author`
--
ALTER TABLE `author`
  ADD PRIMARY KEY (`id`);

--
-- Indexes for table `chapter`
--
ALTER TABLE `chapter`
  ADD PRIMARY KEY (`id`),
  ADD KEY `FK9gxktxyevc28poaea71k3jv2d` (`novel_id`);

--
-- Indexes for table `genre`
--
ALTER TABLE `genre`
  ADD PRIMARY KEY (`id`),
  ADD UNIQUE KEY `name` (`name`);

--
-- Indexes for table `novel`
--
ALTER TABLE `novel`
  ADD PRIMARY KEY (`id`),
  ADD UNIQUE KEY `name` (`name`),
  ADD KEY `FKauqrsj3oshylkpbqen47ksn1r` (`novel_id`),
  ADD KEY `author_id` (`author_id`);

--
-- Indexes for table `novel_genre`
--
ALTER TABLE `novel_genre`
  ADD PRIMARY KEY (`id`),
  ADD KEY `FK67r515wvjop3t6eqvsumlb10e` (`genre_id`),
  ADD KEY `FKre91yiv3897hdf6ene8lxfcey` (`novel_id`);

--
-- Indexes for table `persistent_logins`
--
ALTER TABLE `persistent_logins`
  ADD PRIMARY KEY (`series`);

--
-- Indexes for table `role`
--
ALTER TABLE `role`
  ADD PRIMARY KEY (`id`);

--
-- Indexes for table `user`
--
ALTER TABLE `user`
  ADD PRIMARY KEY (`id`),
  ADD UNIQUE KEY `username` (`username`);

--
-- Indexes for table `user_novel`
--
ALTER TABLE `user_novel`
  ADD PRIMARY KEY (`id`),
  ADD KEY `user_id` (`user_id`),
  ADD KEY `novel_id` (`novel_id`);

--
-- Indexes for table `user_role`
--
ALTER TABLE `user_role`
  ADD PRIMARY KEY (`id`),
  ADD KEY `user_id` (`user_id`),
  ADD KEY `role_id` (`role_id`);

--
-- AUTO_INCREMENT for dumped tables
--

--
-- AUTO_INCREMENT for table `author`
--
ALTER TABLE `author`
  MODIFY `id` int(11) NOT NULL AUTO_INCREMENT, AUTO_INCREMENT=5;

--
-- AUTO_INCREMENT for table `chapter`
--
ALTER TABLE `chapter`
  MODIFY `id` int(11) NOT NULL AUTO_INCREMENT, AUTO_INCREMENT=6;

--
-- AUTO_INCREMENT for table `genre`
--
ALTER TABLE `genre`
  MODIFY `id` int(11) NOT NULL AUTO_INCREMENT, AUTO_INCREMENT=5;

--
-- AUTO_INCREMENT for table `novel`
--
ALTER TABLE `novel`
  MODIFY `id` int(11) NOT NULL AUTO_INCREMENT, AUTO_INCREMENT=11;

--
-- AUTO_INCREMENT for table `novel_genre`
--
ALTER TABLE `novel_genre`
  MODIFY `id` int(11) NOT NULL AUTO_INCREMENT, AUTO_INCREMENT=13;

--
-- AUTO_INCREMENT for table `role`
--
ALTER TABLE `role`
  MODIFY `id` int(11) NOT NULL AUTO_INCREMENT, AUTO_INCREMENT=4;

--
-- AUTO_INCREMENT for table `user`
--
ALTER TABLE `user`
  MODIFY `id` int(11) NOT NULL AUTO_INCREMENT, AUTO_INCREMENT=62;

--
-- AUTO_INCREMENT for table `user_novel`
--
ALTER TABLE `user_novel`
  MODIFY `id` int(11) NOT NULL AUTO_INCREMENT, AUTO_INCREMENT=14;

--
-- AUTO_INCREMENT for table `user_role`
--
ALTER TABLE `user_role`
  MODIFY `id` int(11) NOT NULL AUTO_INCREMENT, AUTO_INCREMENT=52;

--
-- Constraints for dumped tables
--

--
-- Constraints for table `chapter`
--
ALTER TABLE `chapter`
  ADD CONSTRAINT `FK9gxktxyevc28poaea71k3jv2d` FOREIGN KEY (`novel_id`) REFERENCES `novel` (`id`),
  ADD CONSTRAINT `chapter_ibfk_1` FOREIGN KEY (`novel_id`) REFERENCES `novel` (`id`);

--
-- Constraints for table `novel`
--
ALTER TABLE `novel`
  ADD CONSTRAINT `novel_ibfk_1` FOREIGN KEY (`author_id`) REFERENCES `author` (`id`) ON DELETE SET NULL ON UPDATE CASCADE;

--
-- Constraints for table `novel_genre`
--
ALTER TABLE `novel_genre`
  ADD CONSTRAINT `FK67r515wvjop3t6eqvsumlb10e` FOREIGN KEY (`genre_id`) REFERENCES `genre` (`id`),
  ADD CONSTRAINT `FKre91yiv3897hdf6ene8lxfcey` FOREIGN KEY (`novel_id`) REFERENCES `novel` (`id`),
  ADD CONSTRAINT `novel_genre_ibfk_1` FOREIGN KEY (`genre_id`) REFERENCES `genre` (`id`),
  ADD CONSTRAINT `novel_genre_ibfk_2` FOREIGN KEY (`novel_id`) REFERENCES `novel` (`id`);

--
-- Constraints for table `user_novel`
--
ALTER TABLE `user_novel`
  ADD CONSTRAINT `user_novel_ibfk_1` FOREIGN KEY (`user_id`) REFERENCES `user` (`id`) ON DELETE CASCADE ON UPDATE CASCADE,
  ADD CONSTRAINT `user_novel_ibfk_2` FOREIGN KEY (`novel_id`) REFERENCES `novel` (`id`) ON DELETE CASCADE ON UPDATE CASCADE;

--
-- Constraints for table `user_role`
--
ALTER TABLE `user_role`
  ADD CONSTRAINT `user_role_ibfk_1` FOREIGN KEY (`role_id`) REFERENCES `role` (`id`) ON DELETE CASCADE ON UPDATE CASCADE,
  ADD CONSTRAINT `user_role_ibfk_2` FOREIGN KEY (`user_id`) REFERENCES `user` (`id`) ON DELETE CASCADE ON UPDATE CASCADE;
COMMIT;

/*!40101 SET CHARACTER_SET_CLIENT=@OLD_CHARACTER_SET_CLIENT */;
/*!40101 SET CHARACTER_SET_RESULTS=@OLD_CHARACTER_SET_RESULTS */;
/*!40101 SET COLLATION_CONNECTION=@OLD_COLLATION_CONNECTION */;
